# Manga room reference model generated from a top-down image.
# Units are approximate meters.
mtllib manga_room_reference.mtl

v 0.0000 0.0000 0.0000
v 7.7000 0.0000 0.0000
v 7.7000 5.8000 0.0000
v 0.0000 5.8000 0.0000
v 0.0000 0.0000 0.0350
v 7.7000 0.0000 0.0350
v 7.7000 5.8000 0.0350
v 0.0000 5.8000 0.0350
v 8.1500 0.1500 0.0000
v 10.3000 0.1500 0.0000
v 10.3000 5.7500 0.0000
v 8.1500 5.7500 0.0000
v 8.1500 0.1500 0.0350
v 10.3000 0.1500 0.0350
v 10.3000 5.7500 0.0350
v 8.1500 5.7500 0.0350
v -0.2500 5.8000 0.0000
v 4.9500 5.8000 0.0000
v 4.9500 6.0500 0.0000
v -0.2500 6.0500 0.0000
v -0.2500 5.8000 2.6500
v 4.9500 5.8000 2.6500
v 4.9500 6.0500 2.6500
v -0.2500 6.0500 2.6500
v 5.5500 5.8000 0.0000
v 10.5500 5.8000 0.0000
v 10.5500 6.0500 0.0000
v 5.5500 6.0500 0.0000
v 5.5500 5.8000 2.6500
v 10.5500 5.8000 2.6500
v 10.5500 6.0500 2.6500
v 5.5500 6.0500 2.6500
v -0.2500 -0.2500 0.0000
v 0.0000 -0.2500 0.0000
v 0.0000 6.0500 0.0000
v -0.2500 6.0500 0.0000
v -0.2500 -0.2500 2.6500
v 0.0000 -0.2500 2.6500
v 0.0000 6.0500 2.6500
v -0.2500 6.0500 2.6500
v -0.2500 -0.2500 0.0000
v 2.3500 -0.2500 0.0000
v 2.3500 0.0000 0.0000
v -0.2500 0.0000 0.0000
v -0.2500 -0.2500 2.6500
v 2.3500 -0.2500 2.6500
v 2.3500 0.0000 2.6500
v -0.2500 0.0000 2.6500
v 3.3500 -0.2500 0.0000
v 7.7500 -0.2500 0.0000
v 7.7500 0.0000 0.0000
v 3.3500 0.0000 0.0000
v 3.3500 -0.2500 2.6500
v 7.7500 -0.2500 2.6500
v 7.7500 0.0000 2.6500
v 3.3500 0.0000 2.6500
v 8.0000 -0.2500 0.0000
v 10.5500 -0.2500 0.0000
v 10.5500 0.0000 0.0000
v 8.0000 0.0000 0.0000
v 8.0000 -0.2500 2.6500
v 10.5500 -0.2500 2.6500
v 10.5500 0.0000 2.6500
v 8.0000 0.0000 2.6500
v 10.3000 -0.2500 0.0000
v 10.5500 -0.2500 0.0000
v 10.5500 6.0500 0.0000
v 10.3000 6.0500 0.0000
v 10.3000 -0.2500 2.6500
v 10.5500 -0.2500 2.6500
v 10.5500 6.0500 2.6500
v 10.3000 6.0500 2.6500
v 7.7500 -0.2500 0.0000
v 8.0000 -0.2500 0.0000
v 8.0000 6.0500 0.0000
v 7.7500 6.0500 0.0000
v 7.7500 -0.2500 2.6500
v 8.0000 -0.2500 2.6500
v 8.0000 6.0500 2.6500
v 7.7500 6.0500 2.6500
v 8.0000 2.2500 0.0000
v 9.2000 2.2500 0.0000
v 9.2000 2.4200 0.0000
v 8.0000 2.4200 0.0000
v 8.0000 2.2500 2.1500
v 9.2000 2.2500 2.1500
v 9.2000 2.4200 2.1500
v 8.0000 2.4200 2.1500
v 8.0000 3.5500 0.0000
v 9.3500 3.5500 0.0000
v 9.3500 3.7200 0.0000
v 8.0000 3.7200 0.0000
v 8.0000 3.5500 2.1500
v 9.3500 3.5500 2.1500
v 9.3500 3.7200 2.1500
v 8.0000 3.7200 2.1500
v 0.0500 5.7650 0.2500
v 7.7000 5.7650 0.2500
v 7.7000 5.7900 0.2500
v 0.0500 5.7900 0.2500
v 0.0500 5.7650 2.2500
v 7.7000 5.7650 2.2500
v 7.7000 5.7900 2.2500
v 0.0500 5.7900 2.2500
v 0.0100 0.1500 0.2500
v 0.0400 0.1500 0.2500
v 0.0400 5.6000 0.2500
v 0.0100 5.6000 0.2500
v 0.0100 0.1500 2.2500
v 0.0400 0.1500 2.2500
v 0.0400 5.6000 2.2500
v 0.0100 5.6000 2.2500
v 10.2600 0.2000 0.2500
v 10.2900 0.2000 0.2500
v 10.2900 5.7000 0.2500
v 10.2600 5.7000 0.2500
v 10.2600 0.2000 2.2500
v 10.2900 0.2000 2.2500
v 10.2900 5.7000 2.2500
v 10.2600 5.7000 2.2500
v 8.0500 5.7600 0.2500
v 10.2500 5.7600 0.2500
v 10.2500 5.7900 0.2500
v 8.0500 5.7900 0.2500
v 8.0500 5.7600 2.2500
v 10.2500 5.7600 2.2500
v 10.2500 5.7900 2.2500
v 8.0500 5.7900 2.2500
v 0.0200 5.7200 0.0500
v 7.7000 5.7200 0.0500
v 7.7000 5.7900 0.0500
v 0.0200 5.7900 0.0500
v 0.0200 5.7200 0.1800
v 7.7000 5.7200 0.1800
v 7.7000 5.7900 0.1800
v 0.0200 5.7900 0.1800
v 0.0100 0.1000 0.0500
v 0.0800 0.1000 0.0500
v 0.0800 5.7200 0.0500
v 0.0100 5.7200 0.0500
v 0.0100 0.1000 0.1800
v 0.0800 0.1000 0.1800
v 0.0800 5.7200 0.1800
v 0.0100 5.7200 0.1800
v 0.1000 0.0100 0.0500
v 7.6500 0.0100 0.0500
v 7.6500 0.0800 0.0500
v 0.1000 0.0800 0.0500
v 0.1000 0.0100 0.1800
v 7.6500 0.0100 0.1800
v 7.6500 0.0800 0.1800
v 0.1000 0.0800 0.1800
v 10.2200 0.2000 0.0400
v 10.2900 0.2000 0.0400
v 10.2900 5.7000 0.0400
v 10.2200 5.7000 0.0400
v 10.2200 0.2000 0.1600
v 10.2900 0.2000 0.1600
v 10.2900 5.7000 0.1600
v 10.2200 5.7000 0.1600
v 1.1500 5.7800 1.5500
v 5.4500 5.7800 1.5500
v 5.4500 5.8300 1.5500
v 1.1500 5.8300 1.5500
v 1.1500 5.7800 2.2500
v 5.4500 5.7800 2.2500
v 5.4500 5.8300 2.2500
v 1.1500 5.8300 2.2500
v 1.2500 5.7200 1.4500
v 1.3000 5.7200 1.4500
v 1.3000 5.9000 1.4500
v 1.2500 5.9000 1.4500
v 1.2500 5.7200 2.3500
v 1.3000 5.7200 2.3500
v 1.3000 5.9000 2.3500
v 1.2500 5.9000 2.3500
v 2.2000 5.7200 1.4500
v 2.2500 5.7200 1.4500
v 2.2500 5.9000 1.4500
v 2.2000 5.9000 1.4500
v 2.2000 5.7200 2.3500
v 2.2500 5.7200 2.3500
v 2.2500 5.9000 2.3500
v 2.2000 5.9000 2.3500
v 3.1500 5.7200 1.4500
v 3.2000 5.7200 1.4500
v 3.2000 5.9000 1.4500
v 3.1500 5.9000 1.4500
v 3.1500 5.7200 2.3500
v 3.2000 5.7200 2.3500
v 3.2000 5.9000 2.3500
v 3.1500 5.9000 2.3500
v 4.1000 5.7200 1.4500
v 4.1500 5.7200 1.4500
v 4.1500 5.9000 1.4500
v 4.1000 5.9000 1.4500
v 4.1000 5.7200 2.3500
v 4.1500 5.7200 2.3500
v 4.1500 5.9000 2.3500
v 4.1000 5.9000 2.3500
v 5.0500 5.7200 1.4500
v 5.1000 5.7200 1.4500
v 5.1000 5.9000 1.4500
v 5.0500 5.9000 1.4500
v 5.0500 5.7200 2.3500
v 5.1000 5.7200 2.3500
v 5.1000 5.9000 2.3500
v 5.0500 5.9000 2.3500
v 1.1000 5.7000 1.4700
v 5.5500 5.7000 1.4700
v 5.5500 5.9200 1.4700
v 1.1000 5.9200 1.4700
v 1.1000 5.7000 1.5500
v 5.5500 5.7000 1.5500
v 5.5500 5.9200 1.5500
v 1.1000 5.9200 1.5500
v 1.1000 5.7000 2.2500
v 5.5500 5.7000 2.2500
v 5.5500 5.9200 2.2500
v 1.1000 5.9200 2.2500
v 1.1000 5.7000 2.3400
v 5.5500 5.7000 2.3400
v 5.5500 5.9200 2.3400
v 1.1000 5.9200 2.3400
v 0.9500 5.5800 2.5000
v 5.9000 5.5800 2.5000
v 5.9000 5.6800 2.5000
v 0.9500 5.6800 2.5000
v 0.9500 5.5800 2.5600
v 5.9000 5.5800 2.5600
v 5.9000 5.6800 2.5600
v 0.9500 5.6800 2.5600
v 1.0500 5.6200 1.2000
v 1.4500 5.6200 1.2000
v 1.4500 5.9000 1.2000
v 1.0500 5.9000 1.2000
v 1.0500 5.6200 2.5500
v 1.4500 5.6200 2.5500
v 1.4500 5.9000 2.5500
v 1.0500 5.9000 2.5500
v 1.4500 5.6200 1.2000
v 1.8500 5.6200 1.2000
v 1.8500 5.9000 1.2000
v 1.4500 5.9000 1.2000
v 1.4500 5.6200 2.5500
v 1.8500 5.6200 2.5500
v 1.8500 5.9000 2.5500
v 1.4500 5.9000 2.5500
v 4.9500 5.6200 1.2000
v 5.3500 5.6200 1.2000
v 5.3500 5.9000 1.2000
v 4.9500 5.9000 1.2000
v 4.9500 5.6200 2.5500
v 5.3500 5.6200 2.5500
v 5.3500 5.9000 2.5500
v 4.9500 5.9000 2.5500
v 5.3500 5.6200 1.2000
v 5.7500 5.6200 1.2000
v 5.7500 5.9000 1.2000
v 5.3500 5.9000 1.2000
v 5.3500 5.6200 2.5500
v 5.7500 5.6200 2.5500
v 5.7500 5.9000 2.5500
v 5.3500 5.9000 2.5500
v 1.0800 5.5800 1.2200
v 1.1150 5.5800 1.2200
v 1.1150 5.6100 1.2200
v 1.0800 5.6100 1.2200
v 1.0800 5.5800 2.4800
v 1.1150 5.5800 2.4800
v 1.1150 5.6100 2.4800
v 1.0800 5.6100 2.4800
v 5.0000 5.5800 1.2200
v 5.0350 5.5800 1.2200
v 5.0350 5.6100 1.2200
v 5.0000 5.6100 1.2200
v 5.0000 5.5800 2.4800
v 5.0350 5.5800 2.4800
v 5.0350 5.6100 2.4800
v 5.0000 5.6100 2.4800
v 1.2400 5.5800 1.2200
v 1.2750 5.5800 1.2200
v 1.2750 5.6100 1.2200
v 1.2400 5.6100 1.2200
v 1.2400 5.5800 2.4800
v 1.2750 5.5800 2.4800
v 1.2750 5.6100 2.4800
v 1.2400 5.6100 2.4800
v 5.1600 5.5800 1.2200
v 5.1950 5.5800 1.2200
v 5.1950 5.6100 1.2200
v 5.1600 5.6100 1.2200
v 5.1600 5.5800 2.4800
v 5.1950 5.5800 2.4800
v 5.1950 5.6100 2.4800
v 5.1600 5.6100 2.4800
v 1.4000 5.5800 1.2200
v 1.4350 5.5800 1.2200
v 1.4350 5.6100 1.2200
v 1.4000 5.6100 1.2200
v 1.4000 5.5800 2.4800
v 1.4350 5.5800 2.4800
v 1.4350 5.6100 2.4800
v 1.4000 5.6100 2.4800
v 5.3200 5.5800 1.2200
v 5.3550 5.5800 1.2200
v 5.3550 5.6100 1.2200
v 5.3200 5.6100 1.2200
v 5.3200 5.5800 2.4800
v 5.3550 5.5800 2.4800
v 5.3550 5.6100 2.4800
v 5.3200 5.6100 2.4800
v 1.5600 5.5800 1.2200
v 1.5950 5.5800 1.2200
v 1.5950 5.6100 1.2200
v 1.5600 5.6100 1.2200
v 1.5600 5.5800 2.4800
v 1.5950 5.5800 2.4800
v 1.5950 5.6100 2.4800
v 1.5600 5.6100 2.4800
v 5.4800 5.5800 1.2200
v 5.5150 5.5800 1.2200
v 5.5150 5.6100 1.2200
v 5.4800 5.6100 1.2200
v 5.4800 5.5800 2.4800
v 5.5150 5.5800 2.4800
v 5.5150 5.6100 2.4800
v 5.4800 5.6100 2.4800
v 1.7200 5.5800 1.2200
v 1.7550 5.5800 1.2200
v 1.7550 5.6100 1.2200
v 1.7200 5.6100 1.2200
v 1.7200 5.5800 2.4800
v 1.7550 5.5800 2.4800
v 1.7550 5.6100 2.4800
v 1.7200 5.6100 2.4800
v 5.6400 5.5800 1.2200
v 5.6750 5.5800 1.2200
v 5.6750 5.6100 1.2200
v 5.6400 5.6100 1.2200
v 5.6400 5.5800 2.4800
v 5.6750 5.5800 2.4800
v 5.6750 5.6100 2.4800
v 5.6400 5.6100 2.4800
v 2.3500 -0.1800 0.0000
v 3.3500 -0.1800 0.0000
v 3.3500 0.0200 0.0000
v 2.3500 0.0200 0.0000
v 2.3500 -0.1800 2.1500
v 3.3500 -0.1800 2.1500
v 3.3500 0.0200 2.1500
v 2.3500 0.0200 2.1500
v 3.3500 0.0000 0.0600
v 3.3469 0.0785 0.0600
v 3.3377 0.1564 0.0600
v 3.3224 0.2334 0.0600
v 3.3011 0.3090 0.0600
v 3.2739 0.3827 0.0600
v 3.2410 0.4540 0.0600
v 3.2026 0.5225 0.0600
v 3.1590 0.5878 0.0600
v 3.1104 0.6494 0.0600
v 3.0571 0.7071 0.0600
v 2.9994 0.7604 0.0600
v 2.9378 0.8090 0.0600
v 2.8725 0.8526 0.0600
v 2.8040 0.8910 0.0600
v 2.7327 0.9239 0.0600
v 2.6590 0.9511 0.0600
v 2.5834 0.9724 0.0600
v 2.5064 0.9877 0.0600
v 2.4285 0.9969 0.0600
v 2.3500 1.0000 0.0600
v 9.6000 -0.1800 0.0000
v 10.3000 -0.1800 0.0000
v 10.3000 0.0200 0.0000
v 9.6000 0.0200 0.0000
v 9.6000 -0.1800 2.1500
v 10.3000 -0.1800 2.1500
v 10.3000 0.0200 2.1500
v 9.6000 0.0200 2.1500
v 9.6000 0.7500 0.0600
v 9.5412 0.7477 0.0600
v 9.4827 0.7408 0.0600
v 9.4249 0.7293 0.0600
v 9.3682 0.7133 0.0600
v 9.3130 0.6929 0.0600
v 9.2595 0.6683 0.0600
v 9.2081 0.6395 0.0600
v 9.1592 0.6068 0.0600
v 9.1129 0.5703 0.0600
v 9.0697 0.5303 0.0600
v 9.0297 0.4871 0.0600
v 8.9932 0.4408 0.0600
v 8.9605 0.3919 0.0600
v 8.9317 0.3405 0.0600
v 8.9071 0.2870 0.0600
v 8.8867 0.2318 0.0600
v 8.8707 0.1751 0.0600
v 8.8592 0.1173 0.0600
v 8.8523 0.0588 0.0600
v 8.8500 0.0000 0.0600
v 0.7000 3.9500 0.1800
v 4.3500 3.9500 0.1800
v 4.3500 5.1500 0.1800
v 0.7000 5.1500 0.1800
v 0.7000 3.9500 0.5500
v 4.3500 3.9500 0.5500
v 4.3500 5.1500 0.5500
v 0.7000 5.1500 0.5500
v 0.8000 4.0500 0.5500
v 4.2500 4.0500 0.5500
v 4.2500 5.0500 0.5500
v 0.8000 5.0500 0.5500
v 0.8000 4.0500 0.8000
v 4.2500 4.0500 0.8000
v 4.2500 5.0500 0.8000
v 0.8000 5.0500 0.8000
v 0.8200 4.1500 0.8000
v 1.4500 4.1500 0.8000
v 1.4500 5.0000 0.8000
v 0.8200 5.0000 0.8000
v 0.8200 4.1500 0.9800
v 1.4500 4.1500 0.9800
v 1.4500 5.0000 0.9800
v 0.8200 5.0000 0.9800
v 1.2500 4.0000 0.8200
v 4.1500 4.0000 0.8200
v 4.1500 5.0800 0.8200
v 1.2500 5.0800 0.8200
v 1.2500 4.0000 1.0200
v 4.1500 4.0000 1.0200
v 4.1500 5.0800 1.0200
v 1.2500 5.0800 1.0200
v 0.5800 3.9000 0.2500
v 0.7500 3.9000 0.2500
v 0.7500 5.1800 0.2500
v 0.5800 5.1800 0.2500
v 0.5800 3.9000 1.1200
v 0.7500 3.9000 1.1200
v 0.7500 5.1800 1.1200
v 0.5800 5.1800 1.1200
v 4.2800 3.9000 0.1800
v 4.4200 3.9000 0.1800
v 4.4200 5.1800 0.1800
v 4.2800 5.1800 0.1800
v 4.2800 3.9000 0.9000
v 4.4200 3.9000 0.9000
v 4.4200 5.1800 0.9000
v 4.2800 5.1800 0.9000
v 0.8800 4.2200 0.9800
v 1.4000 4.2200 0.9800
v 1.4000 4.9400 0.9800
v 0.8800 4.9400 0.9800
v 0.8800 4.2200 1.0150
v 1.4000 4.2200 1.0150
v 1.4000 4.9400 1.0150
v 0.8800 4.9400 1.0150
v 1.3500 4.0400 1.0250
v 1.3900 4.0400 1.0250
v 1.3900 5.0400 1.0250
v 1.3500 5.0400 1.0250
v 1.3500 4.0400 1.0370
v 1.3900 4.0400 1.0370
v 1.3900 5.0400 1.0370
v 1.3500 5.0400 1.0370
v 1.8300 4.0400 1.0250
v 1.8700 4.0400 1.0250
v 1.8700 5.0400 1.0250
v 1.8300 5.0400 1.0250
v 1.8300 4.0400 1.0370
v 1.8700 4.0400 1.0370
v 1.8700 5.0400 1.0370
v 1.8300 5.0400 1.0370
v 2.3100 4.0400 1.0250
v 2.3500 4.0400 1.0250
v 2.3500 5.0400 1.0250
v 2.3100 5.0400 1.0250
v 2.3100 4.0400 1.0370
v 2.3500 4.0400 1.0370
v 2.3500 5.0400 1.0370
v 2.3100 5.0400 1.0370
v 2.7900 4.0400 1.0250
v 2.8300 4.0400 1.0250
v 2.8300 5.0400 1.0250
v 2.7900 5.0400 1.0250
v 2.7900 4.0400 1.0370
v 2.8300 4.0400 1.0370
v 2.8300 5.0400 1.0370
v 2.7900 5.0400 1.0370
v 3.2700 4.0400 1.0250
v 3.3100 4.0400 1.0250
v 3.3100 5.0400 1.0250
v 3.2700 5.0400 1.0250
v 3.2700 4.0400 1.0370
v 3.3100 4.0400 1.0370
v 3.3100 5.0400 1.0370
v 3.2700 5.0400 1.0370
v 1.2200 4.0200 1.0400
v 1.3800 4.0200 1.0400
v 1.3800 5.0700 1.0400
v 1.2200 5.0700 1.0400
v 1.2200 4.0200 1.0580
v 1.3800 4.0200 1.0580
v 1.3800 5.0700 1.0580
v 1.2200 5.0700 1.0580
v 0.5500 3.2500 0.0000
v 1.2500 3.2500 0.0000
v 1.2500 3.9000 0.0000
v 0.5500 3.9000 0.0000
v 0.5500 3.2500 0.7200
v 1.2500 3.2500 0.7200
v 1.2500 3.9000 0.7200
v 0.5500 3.9000 0.7200
v 0.6000 3.2150 0.4200
v 1.2000 3.2150 0.4200
v 1.2000 3.2400 0.4200
v 0.6000 3.2400 0.4200
v 0.6000 3.2150 0.6600
v 1.2000 3.2150 0.6600
v 1.2000 3.2400 0.6600
v 0.6000 3.2400 0.6600
v 0.8400 3.2000 0.5200
v 1.0000 3.2000 0.5200
v 1.0000 3.2400 0.5200
v 0.8400 3.2400 0.5200
v 0.8400 3.2000 0.5600
v 1.0000 3.2000 0.5600
v 1.0000 3.2400 0.5600
v 0.8400 3.2400 0.5600
v 0.9100 3.6500 0.7200
v 0.9100 3.6500 1.0800
v 0.9004 3.7047 0.7200
v 0.9004 3.7047 1.0800
v 0.8726 3.7528 0.7200
v 0.8726 3.7528 1.0800
v 0.8300 3.7886 0.7200
v 0.8300 3.7886 1.0800
v 0.7778 3.8076 0.7200
v 0.7778 3.8076 1.0800
v 0.7222 3.8076 0.7200
v 0.7222 3.8076 1.0800
v 0.6700 3.7886 0.7200
v 0.6700 3.7886 1.0800
v 0.6274 3.7528 0.7200
v 0.6274 3.7528 1.0800
v 0.5996 3.7047 0.7200
v 0.5996 3.7047 1.0800
v 0.5900 3.6500 0.7200
v 0.5900 3.6500 1.0800
v 0.5996 3.5953 0.7200
v 0.5996 3.5953 1.0800
v 0.6274 3.5472 0.7200
v 0.6274 3.5472 1.0800
v 0.6700 3.5114 0.7200
v 0.6700 3.5114 1.0800
v 0.7222 3.4924 0.7200
v 0.7222 3.4924 1.0800
v 0.7778 3.4924 0.7200
v 0.7778 3.4924 1.0800
v 0.8300 3.5114 0.7200
v 0.8300 3.5114 1.0800
v 0.8726 3.5472 0.7200
v 0.8726 3.5472 1.0800
v 0.9004 3.5953 0.7200
v 0.9004 3.5953 1.0800
v 0.7320 3.6320 0.6020
v 0.7680 3.6320 0.6020
v 0.7680 3.6680 0.6020
v 0.7320 3.6680 0.6020
v 0.7320 3.6320 0.9980
v 0.7680 3.6320 0.9980
v 0.7680 3.6680 0.9980
v 0.7320 3.6680 0.9980
v 0.8200 3.3300 0.7300
v 1.0800 3.3300 0.7300
v 1.0800 3.5000 0.7300
v 0.8200 3.5000 0.7300
v 0.8200 3.3300 0.8000
v 1.0800 3.3300 0.8000
v 1.0800 3.5000 0.8000
v 0.8200 3.5000 0.8000
v 0.5800 3.3500 0.7300
v 0.8200 3.3500 0.7300
v 0.8200 3.5800 0.7300
v 0.5800 3.5800 0.7300
v 0.5800 3.3500 0.9000
v 0.8200 3.3500 0.9000
v 0.8200 3.5800 0.9000
v 0.5800 3.5800 0.9000
v 0.5800 3.5800 0.9000
v 0.8600 3.5800 0.9000
v 0.8600 3.7000 0.9000
v 0.5800 3.7000 0.9000
v 0.5800 3.5800 0.9900
v 0.8600 3.5800 0.9900
v 0.8600 3.7000 0.9900
v 0.5800 3.7000 0.9900
v 0.3500 0.6000 0.0000
v 1.3000 0.6000 0.0000
v 1.3000 3.2000 0.0000
v 0.3500 3.2000 0.0000
v 0.3500 0.6000 0.7500
v 1.3000 0.6000 0.7500
v 1.3000 3.2000 0.7500
v 0.3500 3.2000 0.7500
v 0.3600 0.6200 0.0800
v 1.3100 0.6200 0.0800
v 1.3100 1.2500 0.0800
v 0.3600 1.2500 0.0800
v 0.3600 0.6200 0.6700
v 1.3100 0.6200 0.6700
v 1.3100 1.2500 0.6700
v 0.3600 1.2500 0.6700
v 0.4000 0.5750 0.1500
v 1.2200 0.5750 0.1500
v 1.2200 0.6000 0.1500
v 0.4000 0.6000 0.1500
v 0.4000 0.5750 0.2800
v 1.2200 0.5750 0.2800
v 1.2200 0.6000 0.2800
v 0.4000 0.6000 0.2800
v 0.7200 0.5600 0.2000
v 0.9000 0.5600 0.2000
v 0.9000 0.6000 0.2000
v 0.7200 0.6000 0.2000
v 0.7200 0.5600 0.2400
v 0.9000 0.5600 0.2400
v 0.9000 0.6000 0.2400
v 0.7200 0.6000 0.2400
v 0.4000 0.5750 0.3300
v 1.2200 0.5750 0.3300
v 1.2200 0.6000 0.3300
v 0.4000 0.6000 0.3300
v 0.4000 0.5750 0.4600
v 1.2200 0.5750 0.4600
v 1.2200 0.6000 0.4600
v 0.4000 0.6000 0.4600
v 0.7200 0.5600 0.3800
v 0.9000 0.5600 0.3800
v 0.9000 0.6000 0.3800
v 0.7200 0.6000 0.3800
v 0.7200 0.5600 0.4200
v 0.9000 0.5600 0.4200
v 0.9000 0.6000 0.4200
v 0.7200 0.6000 0.4200
v 0.4000 0.5750 0.5100
v 1.2200 0.5750 0.5100
v 1.2200 0.6000 0.5100
v 0.4000 0.6000 0.5100
v 0.4000 0.5750 0.6400
v 1.2200 0.5750 0.6400
v 1.2200 0.6000 0.6400
v 0.4000 0.6000 0.6400
v 0.7200 0.5600 0.5600
v 0.9000 0.5600 0.5600
v 0.9000 0.6000 0.5600
v 0.7200 0.6000 0.5600
v 0.7200 0.5600 0.6000
v 0.9000 0.5600 0.6000
v 0.9000 0.6000 0.6000
v 0.7200 0.6000 0.6000
v 0.4700 1.3500 0.7600
v 1.1800 1.3500 0.7600
v 1.1800 2.1500 0.7600
v 0.4700 2.1500 0.7600
v 0.4700 1.3500 0.7900
v 1.1800 1.3500 0.7900
v 1.1800 2.1500 0.7900
v 0.4700 2.1500 0.7900
v 0.5800 1.5200 0.7900
v 1.0300 1.5200 0.7900
v 1.0300 1.9200 0.7900
v 0.5800 1.9200 0.7900
v 0.5800 1.5200 0.8600
v 1.0300 1.5200 0.8600
v 1.0300 1.9200 0.8600
v 0.5800 1.9200 0.8600
v 0.5800 1.9000 0.8600
v 1.0300 1.9000 0.8600
v 1.0300 1.9700 0.8600
v 0.5800 1.9700 0.8600
v 0.5800 1.9000 1.2800
v 1.0300 1.9000 1.2800
v 1.0300 1.9700 1.2800
v 0.5800 1.9700 1.2800
v 0.5200 2.2800 0.7600
v 1.0800 2.2800 0.7600
v 1.0800 2.7600 0.7600
v 0.5200 2.7600 0.7600
v 0.5200 2.2800 0.7780
v 1.0800 2.2800 0.7780
v 1.0800 2.7600 0.7780
v 0.5200 2.7600 0.7780
v 0.5600 2.8200 0.7700
v 1.0800 2.8200 0.7700
v 1.0800 3.0800 0.7700
v 0.5600 3.0800 0.7700
v 0.5600 2.8200 0.8500
v 1.0800 2.8200 0.8500
v 1.0800 3.0800 0.8500
v 0.5600 3.0800 0.8500
v 0.5800 3.0200 0.8600
v 1.1000 3.0200 0.8600
v 1.1000 3.1800 0.8600
v 0.5800 3.1800 0.8600
v 0.5800 3.0200 0.9200
v 1.1000 3.0200 0.9200
v 1.1000 3.1800 0.9200
v 0.5800 3.1800 0.9200
v 0.0200 1.0200 0.9500
v 0.0800 1.0200 0.9500
v 0.0800 1.7200 0.9500
v 0.0200 1.7200 0.9500
v 0.0200 1.0200 1.6200
v 0.0800 1.0200 1.6200
v 0.0800 1.7200 1.6200
v 0.0200 1.7200 1.6200
v 0.0800 1.0800 1.0000
v 0.1000 1.0800 1.0000
v 0.1000 1.6600 1.0000
v 0.0800 1.6600 1.0000
v 0.0800 1.0800 1.5600
v 0.1000 1.0800 1.5600
v 0.1000 1.6600 1.5600
v 0.0800 1.6600 1.5600
v 0.0200 1.8600 0.9500
v 0.0800 1.8600 0.9500
v 0.0800 2.5600 0.9500
v 0.0200 2.5600 0.9500
v 0.0200 1.8600 1.6200
v 0.0800 1.8600 1.6200
v 0.0800 2.5600 1.6200
v 0.0200 2.5600 1.6200
v 0.0800 1.9200 1.0000
v 0.1000 1.9200 1.0000
v 0.1000 2.5000 1.0000
v 0.0800 2.5000 1.0000
v 0.0800 1.9200 1.5600
v 0.1000 1.9200 1.5600
v 0.1000 2.5000 1.5600
v 0.0800 2.5000 1.5600
v 0.6700 0.9500 0.7500
v 0.6700 0.9500 0.8200
v 0.6628 0.9910 0.7500
v 0.6628 0.9910 0.8200
v 0.6419 1.0271 0.7500
v 0.6419 1.0271 0.8200
v 0.6100 1.0539 0.7500
v 0.6100 1.0539 0.8200
v 0.5708 1.0682 0.7500
v 0.5708 1.0682 0.8200
v 0.5292 1.0682 0.7500
v 0.5292 1.0682 0.8200
v 0.4900 1.0539 0.7500
v 0.4900 1.0539 0.8200
v 0.4581 1.0271 0.7500
v 0.4581 1.0271 0.8200
v 0.4372 0.9910 0.7500
v 0.4372 0.9910 0.8200
v 0.4300 0.9500 0.7500
v 0.4300 0.9500 0.8200
v 0.4372 0.9090 0.7500
v 0.4372 0.9090 0.8200
v 0.4581 0.8729 0.7500
v 0.4581 0.8729 0.8200
v 0.4900 0.8461 0.7500
v 0.4900 0.8461 0.8200
v 0.5292 0.8318 0.7500
v 0.5292 0.8318 0.8200
v 0.5708 0.8318 0.7500
v 0.5708 0.8318 0.8200
v 0.6100 0.8461 0.7500
v 0.6100 0.8461 0.8200
v 0.6419 0.8729 0.7500
v 0.6419 0.8729 0.8200
v 0.6628 0.9090 0.7500
v 0.6628 0.9090 0.8200
v 0.5200 0.9200 0.8000
v 0.6200 0.9200 0.8000
v 0.6200 1.6000 0.8000
v 0.5200 1.6000 0.8000
v 0.5200 0.9200 1.4000
v 0.6200 0.9200 1.4000
v 0.6200 1.6000 1.4000
v 0.5200 1.6000 1.4000
v 0.4500 1.4800 1.3300
v 0.7500 1.4800 1.3300
v 0.7500 1.7000 1.3300
v 0.4500 1.7000 1.3300
v 0.4500 1.4800 1.5000
v 0.7500 1.4800 1.5000
v 0.7500 1.7000 1.5000
v 0.4500 1.7000 1.5000
v 1.3500 1.5500 0.3500
v 1.9500 1.5500 0.3500
v 1.9500 2.1500 0.3500
v 1.3500 2.1500 0.3500
v 1.3500 1.5500 0.5800
v 1.9500 1.5500 0.5800
v 1.9500 2.1500 0.5800
v 1.3500 2.1500 0.5800
v 1.8200 1.5000 0.5800
v 2.0500 1.5000 0.5800
v 2.0500 2.2000 0.5800
v 1.8200 2.2000 0.5800
v 1.8200 1.5000 1.3500
v 2.0500 1.5000 1.3500
v 2.0500 2.2000 1.3500
v 1.8200 2.2000 1.3500
v 1.7300 1.8500 0.0000
v 1.7300 1.8500 0.3500
v 1.7252 1.8774 0.0000
v 1.7252 1.8774 0.3500
v 1.7113 1.9014 0.0000
v 1.7113 1.9014 0.3500
v 1.6900 1.9193 0.0000
v 1.6900 1.9193 0.3500
v 1.6639 1.9288 0.0000
v 1.6639 1.9288 0.3500
v 1.6361 1.9288 0.0000
v 1.6361 1.9288 0.3500
v 1.6100 1.9193 0.0000
v 1.6100 1.9193 0.3500
v 1.5887 1.9014 0.0000
v 1.5887 1.9014 0.3500
v 1.5748 1.8774 0.0000
v 1.5748 1.8774 0.3500
v 1.5700 1.8500 0.0000
v 1.5700 1.8500 0.3500
v 1.5748 1.8226 0.0000
v 1.5748 1.8226 0.3500
v 1.5887 1.7986 0.0000
v 1.5887 1.7986 0.3500
v 1.6100 1.7807 0.0000
v 1.6100 1.7807 0.3500
v 1.6361 1.7712 0.0000
v 1.6361 1.7712 0.3500
v 1.6639 1.7712 0.0000
v 1.6639 1.7712 0.3500
v 1.6900 1.7807 0.0000
v 1.6900 1.7807 0.3500
v 1.7113 1.7986 0.0000
v 1.7113 1.7986 0.3500
v 1.7252 1.8226 0.0000
v 1.7252 1.8226 0.3500
v 1.6250 1.8250 0.0550
v 2.1250 1.8250 0.0550
v 2.1250 1.8750 0.0550
v 1.6250 1.8750 0.0550
v 1.6250 1.8250 0.1050
v 2.1250 1.8250 0.1050
v 2.1250 1.8750 0.1050
v 1.6250 1.8750 0.1050
v 2.1850 1.8500 0.0000
v 2.1850 1.8500 0.0800
v 2.1745 1.8823 0.0000
v 2.1745 1.8823 0.0800
v 2.1470 1.9023 0.0000
v 2.1470 1.9023 0.0800
v 2.1130 1.9023 0.0000
v 2.1130 1.9023 0.0800
v 2.0855 1.8823 0.0000
v 2.0855 1.8823 0.0800
v 2.0750 1.8500 0.0000
v 2.0750 1.8500 0.0800
v 2.0855 1.8177 0.0000
v 2.0855 1.8177 0.0800
v 2.1130 1.7977 0.0000
v 2.1130 1.7977 0.0800
v 2.1470 1.7977 0.0000
v 2.1470 1.7977 0.0800
v 2.1745 1.8177 0.0000
v 2.1745 1.8177 0.0800
v 1.6250 1.8250 0.0550
v 1.8141 1.8250 0.0550
v 1.8141 2.3030 0.0550
v 1.6250 2.3030 0.0550
v 1.6250 1.8250 0.1050
v 1.8141 1.8250 0.1050
v 1.8141 2.3030 0.1050
v 1.6250 2.3030 0.1050
v 1.8533 2.3065 0.0000
v 1.8533 2.3065 0.0800
v 1.8428 2.3388 0.0000
v 1.8428 2.3388 0.0800
v 1.8153 2.3588 0.0000
v 1.8153 2.3588 0.0800
v 1.7813 2.3588 0.0000
v 1.7813 2.3588 0.0800
v 1.7538 2.3388 0.0000
v 1.7538 2.3388 0.0800
v 1.7433 2.3065 0.0000
v 1.7433 2.3065 0.0800
v 1.7538 2.2742 0.0000
v 1.7538 2.2742 0.0800
v 1.7813 2.2542 0.0000
v 1.7813 2.2542 0.0800
v 1.8153 2.2542 0.0000
v 1.8153 2.2542 0.0800
v 1.8428 2.2742 0.0000
v 1.8428 2.2742 0.0800
v 1.6250 1.8250 0.0550
v 1.3109 1.8250 0.0550
v 1.3109 2.1395 0.0550
v 1.6250 2.1395 0.0550
v 1.6250 1.8250 0.1050
v 1.3109 1.8250 0.1050
v 1.3109 2.1395 0.1050
v 1.6250 2.1395 0.1050
v 1.3167 2.1321 0.0000
v 1.3167 2.1321 0.0800
v 1.3062 2.1645 0.0000
v 1.3062 2.1645 0.0800
v 1.2787 2.1844 0.0000
v 1.2787 2.1844 0.0800
v 1.2447 2.1844 0.0000
v 1.2447 2.1844 0.0800
v 1.2172 2.1645 0.0000
v 1.2172 2.1645 0.0800
v 1.2067 2.1321 0.0000
v 1.2067 2.1321 0.0800
v 1.2172 2.0998 0.0000
v 1.2172 2.0998 0.0800
v 1.2447 2.0798 0.0000
v 1.2447 2.0798 0.0800
v 1.2787 2.0798 0.0000
v 1.2787 2.0798 0.0800
v 1.3062 2.0998 0.0000
v 1.3062 2.0998 0.0800
v 1.6250 1.8250 0.0550
v 1.3109 1.8250 0.0550
v 1.3109 1.6105 0.0550
v 1.6250 1.6105 0.0550
v 1.6250 1.8250 0.1050
v 1.3109 1.8250 0.1050
v 1.3109 1.6105 0.1050
v 1.6250 1.6105 0.1050
v 1.3167 1.5679 0.0000
v 1.3167 1.5679 0.0800
v 1.3062 1.6002 0.0000
v 1.3062 1.6002 0.0800
v 1.2787 1.6202 0.0000
v 1.2787 1.6202 0.0800
v 1.2447 1.6202 0.0000
v 1.2447 1.6202 0.0800
v 1.2172 1.6002 0.0000
v 1.2172 1.6002 0.0800
v 1.2067 1.5679 0.0000
v 1.2067 1.5679 0.0800
v 1.2172 1.5355 0.0000
v 1.2172 1.5355 0.0800
v 1.2447 1.5156 0.0000
v 1.2447 1.5156 0.0800
v 1.2787 1.5156 0.0000
v 1.2787 1.5156 0.0800
v 1.3062 1.5355 0.0000
v 1.3062 1.5355 0.0800
v 1.6250 1.8250 0.0550
v 1.8141 1.8250 0.0550
v 1.8141 1.4470 0.0550
v 1.6250 1.4470 0.0550
v 1.6250 1.8250 0.1050
v 1.8141 1.8250 0.1050
v 1.8141 1.4470 0.1050
v 1.6250 1.4470 0.1050
v 1.8533 1.3935 0.0000
v 1.8533 1.3935 0.0800
v 1.8428 1.4258 0.0000
v 1.8428 1.4258 0.0800
v 1.8153 1.4458 0.0000
v 1.8153 1.4458 0.0800
v 1.7813 1.4458 0.0000
v 1.7813 1.4458 0.0800
v 1.7538 1.4258 0.0000
v 1.7538 1.4258 0.0800
v 1.7433 1.3935 0.0000
v 1.7433 1.3935 0.0800
v 1.7538 1.3612 0.0000
v 1.7538 1.3612 0.0800
v 1.7813 1.3412 0.0000
v 1.7813 1.3412 0.0800
v 1.8153 1.3412 0.0000
v 1.8153 1.3412 0.0800
v 1.8428 1.3612 0.0000
v 1.8428 1.3612 0.0800
v 1.0500 2.4500 0.0000
v 3.9500 2.4500 0.0000
v 3.9500 3.2200 0.0000
v 1.0500 3.2200 0.0000
v 1.0500 2.4500 0.0450
v 3.9500 2.4500 0.0450
v 3.9500 3.2200 0.0450
v 1.0500 3.2200 0.0450
v 9.0500 0.8500 0.0000
v 9.7000 0.8500 0.0000
v 9.7000 1.5500 0.0000
v 9.0500 1.5500 0.0000
v 9.0500 0.8500 0.0450
v 9.7000 0.8500 0.0450
v 9.7000 1.5500 0.0450
v 9.0500 1.5500 0.0450
v 5.9000 3.9500 0.0000
v 7.4500 3.9500 0.0000
v 7.4500 5.6500 0.0000
v 5.9000 5.6500 0.0000
v 5.9000 3.9500 2.2500
v 7.4500 3.9500 2.2500
v 7.4500 5.6500 2.2500
v 5.9000 5.6500 2.2500
v 5.9500 3.8800 0.1000
v 6.6500 3.8800 0.1000
v 6.6500 3.9600 0.1000
v 5.9500 3.9600 0.1000
v 5.9500 3.8800 2.1000
v 6.6500 3.8800 2.1000
v 6.6500 3.9600 2.1000
v 5.9500 3.9600 2.1000
v 6.7000 3.8800 0.1000
v 7.4000 3.8800 0.1000
v 7.4000 3.9600 0.1000
v 6.7000 3.9600 0.1000
v 6.7000 3.8800 2.1000
v 7.4000 3.8800 2.1000
v 7.4000 3.9600 2.1000
v 6.7000 3.9600 2.1000
v 7.0800 3.8550 0.2200
v 7.3800 3.8550 0.2200
v 7.3800 3.8800 0.2200
v 7.0800 3.8800 0.2200
v 7.0800 3.8550 0.3800
v 7.3800 3.8550 0.3800
v 7.3800 3.8800 0.3800
v 7.0800 3.8800 0.3800
v 7.1800 3.8400 0.2900
v 7.3000 3.8400 0.2900
v 7.3000 3.8800 0.2900
v 7.1800 3.8800 0.2900
v 7.1800 3.8400 0.3300
v 7.3000 3.8400 0.3300
v 7.3000 3.8800 0.3300
v 7.1800 3.8800 0.3300
v 7.0800 3.8550 0.4600
v 7.3800 3.8550 0.4600
v 7.3800 3.8800 0.4600
v 7.0800 3.8800 0.4600
v 7.0800 3.8550 0.6200
v 7.3800 3.8550 0.6200
v 7.3800 3.8800 0.6200
v 7.0800 3.8800 0.6200
v 7.1800 3.8400 0.5300
v 7.3000 3.8400 0.5300
v 7.3000 3.8800 0.5300
v 7.1800 3.8800 0.5300
v 7.1800 3.8400 0.5700
v 7.3000 3.8400 0.5700
v 7.3000 3.8800 0.5700
v 7.1800 3.8800 0.5700
v 7.0800 3.8550 0.7000
v 7.3800 3.8550 0.7000
v 7.3800 3.8800 0.7000
v 7.0800 3.8800 0.7000
v 7.0800 3.8550 0.8600
v 7.3800 3.8550 0.8600
v 7.3800 3.8800 0.8600
v 7.0800 3.8800 0.8600
v 7.1800 3.8400 0.7700
v 7.3000 3.8400 0.7700
v 7.3000 3.8800 0.7700
v 7.1800 3.8800 0.7700
v 7.1800 3.8400 0.8100
v 7.3000 3.8400 0.8100
v 7.3000 3.8800 0.8100
v 7.1800 3.8800 0.8100
v 6.4300 3.8200 0.9200
v 6.5000 3.8200 0.9200
v 6.5000 3.8800 0.9200
v 6.4300 3.8800 0.9200
v 6.4300 3.8200 1.3500
v 6.5000 3.8200 1.3500
v 6.5000 3.8800 1.3500
v 6.4300 3.8800 1.3500
v 6.8200 3.8200 0.9200
v 6.8900 3.8200 0.9200
v 6.8900 3.8800 0.9200
v 6.8200 3.8800 0.9200
v 6.8200 3.8200 1.3500
v 6.8900 3.8200 1.3500
v 6.8900 3.8800 1.3500
v 6.8200 3.8800 1.3500
v 6.0000 3.8800 1.7200
v 6.6800 3.8800 1.7200
v 6.6800 3.9600 1.7200
v 6.0000 3.9600 1.7200
v 6.0000 3.8800 2.1800
v 6.6800 3.8800 2.1800
v 6.6800 3.9600 2.1800
v 6.0000 3.9600 2.1800
v 6.7200 3.8800 1.7200
v 7.4000 3.8800 1.7200
v 7.4000 3.9600 1.7200
v 6.7200 3.9600 1.7200
v 6.7200 3.8800 2.1800
v 7.4000 3.8800 2.1800
v 7.4000 3.9600 2.1800
v 6.7200 3.9600 2.1800
v 7.0500 4.0500 0.1500
v 7.4200 4.0500 0.1500
v 7.4200 5.2000 0.1500
v 7.0500 5.2000 0.1500
v 7.0500 4.0500 1.9000
v 7.4200 4.0500 1.9000
v 7.4200 5.2000 1.9000
v 7.0500 5.2000 1.9000
v 7.1200 4.2500 0.2500
v 7.3400 4.2500 0.2500
v 7.3400 4.8500 0.2500
v 7.1200 4.8500 0.2500
v 7.1200 4.2500 1.5500
v 7.3400 4.2500 1.5500
v 7.3400 4.8500 1.5500
v 7.1200 4.8500 1.5500
v 7.0900 4.1800 0.7500
v 7.1300 4.1800 0.7500
v 7.1300 4.2200 0.7500
v 7.0900 4.2200 0.7500
v 7.0900 4.1800 1.3000
v 7.1300 4.1800 1.3000
v 7.1300 4.2200 1.3000
v 7.0900 4.2200 1.3000
v 7.2800 4.2500 0.1800
v 7.3800 4.2500 0.1800
v 7.3800 4.8200 0.1800
v 7.2800 4.8200 0.1800
v 7.2800 4.2500 1.3000
v 7.3800 4.2500 1.3000
v 7.3800 4.8200 1.3000
v 7.2800 4.8200 1.3000
v 7.0620 4.1320 1.5320
v 7.4180 4.1320 1.5320
v 7.4180 5.0680 1.5320
v 7.0620 5.0680 1.5320
v 7.0620 4.1320 1.5680
v 7.4180 4.1320 1.5680
v 7.4180 5.0680 1.5680
v 7.0620 5.0680 1.5680
v 5.9000 5.2000 0.0000
v 7.4500 5.2000 0.0000
v 7.4500 5.6500 0.0000
v 5.9000 5.6500 0.0000
v 5.9000 5.2000 2.5500
v 7.4500 5.2000 2.5500
v 7.4500 5.6500 2.5500
v 5.9000 5.6500 2.5500
v 5.2000 3.9500 0.0000
v 5.7500 3.9500 0.0000
v 5.7500 4.5500 0.0000
v 5.2000 4.5500 0.0000
v 5.2000 3.9500 0.9000
v 5.7500 3.9500 0.9000
v 5.7500 4.5500 0.9000
v 5.2000 4.5500 0.9000
v 5.2900 3.9000 0.1800
v 5.6600 3.9000 0.1800
v 5.6600 4.0300 0.1800
v 5.2900 4.0300 0.1800
v 5.2900 3.9000 0.5800
v 5.6600 3.9000 0.5800
v 5.6600 4.0300 0.5800
v 5.2900 4.0300 0.5800
v 5.2500 3.9800 0.7400
v 5.7200 3.9800 0.7400
v 5.7200 4.2800 0.7400
v 5.2500 4.2800 0.7400
v 5.2500 3.9800 0.9800
v 5.7200 3.9800 0.9800
v 5.7200 4.2800 0.9800
v 5.2500 4.2800 0.9800
v 5.2220 4.0820 0.1820
v 5.2580 4.0820 0.1820
v 5.2580 4.4980 0.1820
v 5.2220 4.4980 0.1820
v 5.2220 4.0820 0.7180
v 5.2580 4.0820 0.7180
v 5.2580 4.4980 0.7180
v 5.2220 4.4980 0.7180
v 5.6820 4.0820 0.1820
v 5.7180 4.0820 0.1820
v 5.7180 4.4980 0.1820
v 5.6820 4.4980 0.1820
v 5.6820 4.0820 0.7180
v 5.7180 4.0820 0.7180
v 5.7180 4.4980 0.7180
v 5.6820 4.4980 0.7180
v 6.9500 1.5500 0.0000
v 7.6000 1.5500 0.0000
v 7.6000 2.7000 0.0000
v 6.9500 2.7000 0.0000
v 6.9500 1.5500 0.4200
v 7.6000 1.5500 0.4200
v 7.6000 2.7000 0.4200
v 6.9500 2.7000 0.4200
v 6.9200 1.5800 0.4200
v 7.6200 1.5800 0.4200
v 7.6200 2.7200 0.4200
v 6.9200 2.7200 0.4200
v 6.9200 1.5800 0.6200
v 7.6200 1.5800 0.6200
v 7.6200 2.7200 0.6200
v 6.9200 2.7200 0.6200
v 7.0200 1.6500 0.0200
v 7.2500 1.6500 0.0200
v 7.2500 1.8200 0.0200
v 7.0200 1.8200 0.0200
v 7.0200 1.6500 0.1500
v 7.2500 1.6500 0.1500
v 7.2500 1.8200 0.1500
v 7.0200 1.8200 0.1500
v 7.0800 1.7000 0.1500
v 7.1600 1.7000 0.1500
v 7.1600 1.7800 0.1500
v 7.0800 1.7800 0.1500
v 7.0800 1.7000 0.1800
v 7.1600 1.7000 0.1800
v 7.1600 1.7800 0.1800
v 7.0800 1.7800 0.1800
v 7.0200 1.9000 0.0200
v 7.2500 1.9000 0.0200
v 7.2500 2.0700 0.0200
v 7.0200 2.0700 0.0200
v 7.0200 1.9000 0.1500
v 7.2500 1.9000 0.1500
v 7.2500 2.0700 0.1500
v 7.0200 2.0700 0.1500
v 7.0800 1.9500 0.1500
v 7.1600 1.9500 0.1500
v 7.1600 2.0300 0.1500
v 7.0800 2.0300 0.1500
v 7.0800 1.9500 0.1800
v 7.1600 1.9500 0.1800
v 7.1600 2.0300 0.1800
v 7.0800 2.0300 0.1800
v 7.0200 2.1500 0.0200
v 7.2500 2.1500 0.0200
v 7.2500 2.3200 0.0200
v 7.0200 2.3200 0.0200
v 7.0200 2.1500 0.1500
v 7.2500 2.1500 0.1500
v 7.2500 2.3200 0.1500
v 7.0200 2.3200 0.1500
v 7.0800 2.2000 0.1500
v 7.1600 2.2000 0.1500
v 7.1600 2.2800 0.1500
v 7.0800 2.2800 0.1500
v 7.0800 2.2000 0.1800
v 7.1600 2.2000 0.1800
v 7.1600 2.2800 0.1800
v 7.0800 2.2800 0.1800
v 7.0200 2.4000 0.0200
v 7.2500 2.4000 0.0200
v 7.2500 2.5700 0.0200
v 7.0200 2.5700 0.0200
v 7.0200 2.4000 0.1500
v 7.2500 2.4000 0.1500
v 7.2500 2.5700 0.1500
v 7.0200 2.5700 0.1500
v 7.0800 2.4500 0.1500
v 7.1600 2.4500 0.1500
v 7.1600 2.5300 0.1500
v 7.0800 2.5300 0.1500
v 7.0800 2.4500 0.1800
v 7.1600 2.4500 0.1800
v 7.1600 2.5300 0.1800
v 7.0800 2.5300 0.1800
v 8.0000 3.6500 0.1500
v 9.3500 3.6500 0.1500
v 9.3500 3.7500 0.1500
v 8.0000 3.7500 0.1500
v 8.0000 3.6500 1.8500
v 9.3500 3.6500 1.8500
v 9.3500 3.7500 1.8500
v 8.0000 3.7500 1.8500
v 9.2800 3.6500 0.1500
v 9.3800 3.6500 0.1500
v 9.3800 5.2000 0.1500
v 9.2800 5.2000 0.1500
v 9.2800 3.6500 1.8500
v 9.3800 3.6500 1.8500
v 9.3800 5.2000 1.8500
v 9.2800 5.2000 1.8500
v 9.3980 4.0780 0.7280
v 9.4420 4.0780 0.7280
v 9.4420 4.7720 0.7280
v 9.3980 4.7720 0.7280
v 9.3980 4.0780 1.1720
v 9.4420 4.0780 1.1720
v 9.4420 4.7720 1.1720
v 9.3980 4.7720 1.1720
v 8.1500 3.7800 0.0200
v 9.3500 3.7800 0.0200
v 9.3500 5.5000 0.0200
v 8.1500 5.5000 0.0200
v 8.1500 3.7800 0.0800
v 9.3500 3.7800 0.0800
v 9.3500 5.5000 0.0800
v 8.1500 5.5000 0.0800
v 8.4900 4.8500 0.1000
v 8.4900 4.8500 1.8500
v 8.4876 4.8637 0.1000
v 8.4876 4.8637 1.8500
v 8.4806 4.8757 0.1000
v 8.4806 4.8757 1.8500
v 8.4700 4.8846 0.1000
v 8.4700 4.8846 1.8500
v 8.4569 4.8894 0.1000
v 8.4569 4.8894 1.8500
v 8.4431 4.8894 0.1000
v 8.4431 4.8894 1.8500
v 8.4300 4.8846 0.1000
v 8.4300 4.8846 1.8500
v 8.4194 4.8757 0.1000
v 8.4194 4.8757 1.8500
v 8.4124 4.8637 0.1000
v 8.4124 4.8637 1.8500
v 8.4100 4.8500 0.1000
v 8.4100 4.8500 1.8500
v 8.4124 4.8363 0.1000
v 8.4124 4.8363 1.8500
v 8.4194 4.8243 0.1000
v 8.4194 4.8243 1.8500
v 8.4300 4.8154 0.1000
v 8.4300 4.8154 1.8500
v 8.4431 4.8106 0.1000
v 8.4431 4.8106 1.8500
v 8.4569 4.8106 0.1000
v 8.4569 4.8106 1.8500
v 8.4700 4.8154 0.1000
v 8.4700 4.8154 1.8500
v 8.4806 4.8243 0.1000
v 8.4806 4.8243 1.8500
v 8.4876 4.8363 0.1000
v 8.4876 4.8363 1.8500
v 8.6000 5.0500 1.7500
v 8.6000 5.0500 1.8500
v 8.5928 5.0910 1.7500
v 8.5928 5.0910 1.8500
v 8.5719 5.1271 1.7500
v 8.5719 5.1271 1.8500
v 8.5400 5.1539 1.7500
v 8.5400 5.1539 1.8500
v 8.5008 5.1682 1.7500
v 8.5008 5.1682 1.8500
v 8.4592 5.1682 1.7500
v 8.4592 5.1682 1.8500
v 8.4200 5.1539 1.7500
v 8.4200 5.1539 1.8500
v 8.3881 5.1271 1.7500
v 8.3881 5.1271 1.8500
v 8.3672 5.0910 1.7500
v 8.3672 5.0910 1.8500
v 8.3600 5.0500 1.7500
v 8.3600 5.0500 1.8500
v 8.3672 5.0090 1.7500
v 8.3672 5.0090 1.8500
v 8.3881 4.9729 1.7500
v 8.3881 4.9729 1.8500
v 8.4200 4.9461 1.7500
v 8.4200 4.9461 1.8500
v 8.4592 4.9318 1.7500
v 8.4592 4.9318 1.8500
v 8.5008 4.9318 1.7500
v 8.5008 4.9318 1.8500
v 8.5400 4.9461 1.7500
v 8.5400 4.9461 1.8500
v 8.5719 4.9729 1.7500
v 8.5719 4.9729 1.8500
v 8.5928 5.0090 1.7500
v 8.5928 5.0090 1.8500
v 8.2280 4.6980 0.8580
v 8.6720 4.6980 0.8580
v 8.6720 4.7420 0.8580
v 8.2280 4.7420 0.8580
v 8.2280 4.6980 0.9020
v 8.6720 4.6980 0.9020
v 8.6720 4.7420 0.9020
v 8.2280 4.7420 0.9020
v 8.0800 4.0000 0.7000
v 8.1200 4.0000 0.7000
v 8.1200 5.5000 0.7000
v 8.0800 5.5000 0.7000
v 8.0800 4.0000 1.6000
v 8.1200 4.0000 1.6000
v 8.1200 5.5000 1.6000
v 8.0800 5.5000 1.6000
v 8.2500 2.4000 0.4500
v 9.1000 2.4000 0.4500
v 9.1000 3.1800 0.4500
v 8.2500 3.1800 0.4500
v 8.2500 2.4000 0.8500
v 9.1000 2.4000 0.8500
v 9.1000 3.1800 0.8500
v 8.2500 3.1800 0.8500
v 8.4500 2.6200 0.8500
v 8.9500 2.6200 0.8500
v 8.9500 3.0000 0.8500
v 8.4500 3.0000 0.8500
v 8.4500 2.6200 0.9800
v 8.9500 2.6200 0.9800
v 8.9500 3.0000 0.9800
v 8.4500 3.0000 0.9800
v 8.7600 3.0300 0.9800
v 8.7600 3.0300 1.2500
v 8.7576 3.0437 0.9800
v 8.7576 3.0437 1.2500
v 8.7506 3.0557 0.9800
v 8.7506 3.0557 1.2500
v 8.7400 3.0646 0.9800
v 8.7400 3.0646 1.2500
v 8.7269 3.0694 0.9800
v 8.7269 3.0694 1.2500
v 8.7131 3.0694 0.9800
v 8.7131 3.0694 1.2500
v 8.7000 3.0646 0.9800
v 8.7000 3.0646 1.2500
v 8.6894 3.0557 0.9800
v 8.6894 3.0557 1.2500
v 8.6824 3.0437 0.9800
v 8.6824 3.0437 1.2500
v 8.6800 3.0300 0.9800
v 8.6800 3.0300 1.2500
v 8.6824 3.0163 0.9800
v 8.6824 3.0163 1.2500
v 8.6894 3.0043 0.9800
v 8.6894 3.0043 1.2500
v 8.7000 2.9954 0.9800
v 8.7000 2.9954 1.2500
v 8.7131 2.9906 0.9800
v 8.7131 2.9906 1.2500
v 8.7269 2.9906 0.9800
v 8.7269 2.9906 1.2500
v 8.7400 2.9954 0.9800
v 8.7400 2.9954 1.2500
v 8.7506 3.0043 0.9800
v 8.7506 3.0043 1.2500
v 8.7576 3.0163 0.9800
v 8.7576 3.0163 1.2500
v 8.2800 2.3800 0.0800
v 9.0700 2.3800 0.0800
v 9.0700 2.4200 0.0800
v 8.2800 2.4200 0.0800
v 8.2800 2.3800 0.6200
v 9.0700 2.3800 0.6200
v 9.0700 2.4200 0.6200
v 8.2800 2.4200 0.6200
v 8.5500 2.3400 0.3400
v 8.8200 2.3400 0.3400
v 8.8200 2.3800 0.3400
v 8.5500 2.3800 0.3400
v 8.5500 2.3400 0.3900
v 8.8200 2.3400 0.3900
v 8.8200 2.3800 0.3900
v 8.5500 2.3800 0.3900
v 8.2800 2.3000 1.0500
v 9.1000 2.3000 1.0500
v 9.1000 2.3600 1.0500
v 8.2800 2.3600 1.0500
v 8.2800 2.3000 1.9000
v 9.1000 2.3000 1.9000
v 9.1000 2.3600 1.9000
v 8.2800 2.3600 1.9000
v 8.2200 2.2800 1.0000
v 9.1600 2.2800 1.0000
v 9.1600 2.3800 1.0000
v 8.2200 2.3800 1.0000
v 8.2200 2.2800 1.9600
v 9.1600 2.2800 1.9600
v 9.1600 2.3800 1.9600
v 8.2200 2.3800 1.9600
v 8.0500 2.5500 0.9500
v 8.1200 2.5500 0.9500
v 8.1200 3.1200 0.9500
v 8.0500 3.1200 0.9500
v 8.0500 2.5500 1.0000
v 8.1200 2.5500 1.0000
v 8.1200 3.1200 1.0000
v 8.0500 3.1200 1.0000
v 8.0400 2.7200 0.4500
v 8.1400 2.7200 0.4500
v 8.1400 3.0000 0.4500
v 8.0400 3.0000 0.4500
v 8.0400 2.7200 0.9200
v 8.1400 2.7200 0.9200
v 8.1400 3.0000 0.9200
v 8.0400 3.0000 0.9200
v 8.2800 2.4200 0.8800
v 8.3800 2.4200 0.8800
v 8.3800 2.5400 0.8800
v 8.2800 2.5400 0.8800
v 8.2800 2.4200 1.1500
v 8.3800 2.4200 1.1500
v 8.3800 2.5400 1.1500
v 8.2800 2.5400 1.1500
v 8.9800 2.4200 0.8800
v 9.0800 2.4200 0.8800
v 9.0800 2.5400 0.8800
v 8.9800 2.5400 0.8800
v 8.9800 2.4200 1.0800
v 9.0800 2.4200 1.0800
v 9.0800 2.5400 1.0800
v 8.9800 2.5400 1.0800
v 9.1800 4.4500 0.4500
v 9.7800 4.4500 0.4500
v 9.7800 4.7800 0.4500
v 9.1800 4.7800 0.4500
v 9.1800 4.4500 1.0000
v 9.7800 4.4500 1.0000
v 9.7800 4.7800 1.0000
v 9.1800 4.7800 1.0000
v 9.7600 4.1200 0.2000
v 9.7600 4.1200 0.5800
v 9.7431 4.2158 0.2000
v 9.7431 4.2158 0.5800
v 9.6945 4.3000 0.2000
v 9.6945 4.3000 0.5800
v 9.6200 4.3625 0.2000
v 9.6200 4.3625 0.5800
v 9.5286 4.3957 0.2000
v 9.5286 4.3957 0.5800
v 9.4314 4.3957 0.2000
v 9.4314 4.3957 0.5800
v 9.3400 4.3625 0.2000
v 9.3400 4.3625 0.5800
v 9.2655 4.3000 0.2000
v 9.2655 4.3000 0.5800
v 9.2169 4.2158 0.2000
v 9.2169 4.2158 0.5800
v 9.2000 4.1200 0.2000
v 9.2000 4.1200 0.5800
v 9.2169 4.0242 0.2000
v 9.2169 4.0242 0.5800
v 9.2655 3.9400 0.2000
v 9.2655 3.9400 0.5800
v 9.3400 3.8775 0.2000
v 9.3400 3.8775 0.5800
v 9.4314 3.8443 0.2000
v 9.4314 3.8443 0.5800
v 9.5286 3.8443 0.2000
v 9.5286 3.8443 0.5800
v 9.6200 3.8775 0.2000
v 9.6200 3.8775 0.5800
v 9.6945 3.9400 0.2000
v 9.6945 3.9400 0.5800
v 9.7431 4.0242 0.2000
v 9.7431 4.0242 0.5800
v 9.2400 3.9200 0.5800
v 9.7200 3.9200 0.5800
v 9.7200 4.3500 0.5800
v 9.2400 4.3500 0.5800
v 9.2400 3.9200 0.6400
v 9.7200 3.9200 0.6400
v 9.7200 4.3500 0.6400
v 9.2400 4.3500 0.6400
v 9.4200 4.4300 1.0100
v 9.5400 4.4300 1.0100
v 9.5400 4.5000 1.0100
v 9.4200 4.5000 1.0100
v 9.4200 4.4300 1.0500
v 9.5400 4.4300 1.0500
v 9.5400 4.5000 1.0500
v 9.4200 4.5000 1.0500
v 10.0400 4.1200 0.6500
v 10.1800 4.1200 0.6500
v 10.1800 4.4000 0.6500
v 10.0400 4.4000 0.6500
v 10.0400 4.1200 0.9000
v 10.1800 4.1200 0.9000
v 10.1800 4.4000 0.9000
v 10.0400 4.4000 0.9000
v 9.9820 4.2420 0.7620
v 10.2180 4.2420 0.7620
v 10.2180 4.2780 0.7620
v 9.9820 4.2780 0.7620
v 9.9820 4.2420 0.7980
v 10.2180 4.2420 0.7980
v 10.2180 4.2780 0.7980
v 9.9820 4.2780 0.7980
v 0.7500 5.3500 0.0000
v 0.7500 5.3500 0.2800
v 0.7379 5.4184 0.0000
v 0.7379 5.4184 0.2800
v 0.7032 5.4786 0.0000
v 0.7032 5.4786 0.2800
v 0.6500 5.5232 0.0000
v 0.6500 5.5232 0.2800
v 0.5847 5.5470 0.0000
v 0.5847 5.5470 0.2800
v 0.5153 5.5470 0.0000
v 0.5153 5.5470 0.2800
v 0.4500 5.5232 0.0000
v 0.4500 5.5232 0.2800
v 0.3968 5.4786 0.0000
v 0.3968 5.4786 0.2800
v 0.3621 5.4184 0.0000
v 0.3621 5.4184 0.2800
v 0.3500 5.3500 0.0000
v 0.3500 5.3500 0.2800
v 0.3621 5.2816 0.0000
v 0.3621 5.2816 0.2800
v 0.3968 5.2214 0.0000
v 0.3968 5.2214 0.2800
v 0.4500 5.1768 0.0000
v 0.4500 5.1768 0.2800
v 0.5153 5.1530 0.0000
v 0.5153 5.1530 0.2800
v 0.5847 5.1530 0.0000
v 0.5847 5.1530 0.2800
v 0.6500 5.1768 0.0000
v 0.6500 5.1768 0.2800
v 0.7032 5.2214 0.0000
v 0.7032 5.2214 0.2800
v 0.7379 5.2816 0.0000
v 0.7379 5.2816 0.2800
v 0.6400 5.3000 0.2800
v 0.8200 5.3000 0.2800
v 0.8200 5.4200 0.2800
v 0.6400 5.4200 0.2800
v 0.6400 5.3000 0.5500
v 0.8200 5.3000 0.5500
v 0.8200 5.4200 0.5500
v 0.6400 5.4200 0.5500
v 0.7600 5.3400 0.4500
v 0.9200 5.3400 0.4500
v 0.9200 5.4000 0.4500
v 0.7600 5.4000 0.4500
v 0.7600 5.3400 0.6500
v 0.9200 5.3400 0.6500
v 0.9200 5.4000 0.6500
v 0.7600 5.4000 0.6500
v 0.5990 5.3990 0.2800
v 0.7614 5.3990 0.2800
v 0.7614 5.5614 0.2800
v 0.5990 5.5614 0.2800
v 0.5990 5.3990 0.5500
v 0.7614 5.3990 0.5500
v 0.7614 5.5614 0.5500
v 0.5990 5.5614 0.5500
v 0.6956 5.4956 0.4500
v 0.8263 5.4956 0.4500
v 0.8263 5.6263 0.4500
v 0.6956 5.6263 0.4500
v 0.6956 5.4956 0.6500
v 0.8263 5.4956 0.6500
v 0.8263 5.6263 0.6500
v 0.6956 5.6263 0.6500
v 0.5000 5.4400 0.2800
v 0.6200 5.4400 0.2800
v 0.6200 5.6200 0.2800
v 0.5000 5.6200 0.2800
v 0.5000 5.4400 0.5500
v 0.6200 5.4400 0.5500
v 0.6200 5.6200 0.5500
v 0.5000 5.6200 0.5500
v 0.5400 5.5600 0.4500
v 0.6000 5.5600 0.4500
v 0.6000 5.7200 0.4500
v 0.5400 5.7200 0.4500
v 0.5400 5.5600 0.6500
v 0.6000 5.5600 0.6500
v 0.6000 5.7200 0.6500
v 0.5400 5.7200 0.6500
v 0.4010 5.3990 0.2800
v 0.4786 5.3990 0.2800
v 0.4786 5.5614 0.2800
v 0.4010 5.5614 0.2800
v 0.4010 5.3990 0.5500
v 0.4786 5.3990 0.5500
v 0.4786 5.5614 0.5500
v 0.4010 5.5614 0.5500
v 0.3844 5.4956 0.4500
v 0.3737 5.4956 0.4500
v 0.3737 5.6263 0.4500
v 0.3844 5.6263 0.4500
v 0.3844 5.4956 0.6500
v 0.3737 5.4956 0.6500
v 0.3737 5.6263 0.6500
v 0.3844 5.6263 0.6500
v 0.3600 5.3000 0.2800
v 0.4200 5.3000 0.2800
v 0.4200 5.4200 0.2800
v 0.3600 5.4200 0.2800
v 0.3600 5.3000 0.5500
v 0.4200 5.3000 0.5500
v 0.4200 5.4200 0.5500
v 0.3600 5.4200 0.5500
v 0.3200 5.3400 0.4500
v 0.2800 5.3400 0.4500
v 0.2800 5.4000 0.4500
v 0.3200 5.4000 0.4500
v 0.3200 5.3400 0.6500
v 0.2800 5.3400 0.6500
v 0.2800 5.4000 0.6500
v 0.3200 5.4000 0.6500
v 0.4010 5.2010 0.2800
v 0.4786 5.2010 0.2800
v 0.4786 5.2786 0.2800
v 0.4010 5.2786 0.2800
v 0.4010 5.2010 0.5500
v 0.4786 5.2010 0.5500
v 0.4786 5.2786 0.5500
v 0.4010 5.2786 0.5500
v 0.3844 5.1844 0.4500
v 0.3737 5.1844 0.4500
v 0.3737 5.1737 0.4500
v 0.3844 5.1737 0.4500
v 0.3844 5.1844 0.6500
v 0.3737 5.1844 0.6500
v 0.3737 5.1737 0.6500
v 0.3844 5.1737 0.6500
v 0.5000 5.1600 0.2800
v 0.6200 5.1600 0.2800
v 0.6200 5.2200 0.2800
v 0.5000 5.2200 0.2800
v 0.5000 5.1600 0.5500
v 0.6200 5.1600 0.5500
v 0.6200 5.2200 0.5500
v 0.5000 5.2200 0.5500
v 0.5400 5.1200 0.4500
v 0.6000 5.1200 0.4500
v 0.6000 5.0800 0.4500
v 0.5400 5.0800 0.4500
v 0.5400 5.1200 0.6500
v 0.6000 5.1200 0.6500
v 0.6000 5.0800 0.6500
v 0.5400 5.0800 0.6500
v 0.5990 5.2010 0.2800
v 0.7614 5.2010 0.2800
v 0.7614 5.2786 0.2800
v 0.5990 5.2786 0.2800
v 0.5990 5.2010 0.5500
v 0.7614 5.2010 0.5500
v 0.7614 5.2786 0.5500
v 0.5990 5.2786 0.5500
v 0.6956 5.1844 0.4500
v 0.8263 5.1844 0.4500
v 0.8263 5.1737 0.4500
v 0.6956 5.1737 0.4500
v 0.6956 5.1844 0.6500
v 0.8263 5.1844 0.6500
v 0.8263 5.1737 0.6500
v 0.6956 5.1737 0.6500
v 0.9400 0.7200 0.7500
v 0.9400 0.7200 0.9500
v 0.9316 0.7679 0.7500
v 0.9316 0.7679 0.9500
v 0.9072 0.8100 0.7500
v 0.9072 0.8100 0.9500
v 0.8700 0.8412 0.7500
v 0.8700 0.8412 0.9500
v 0.8243 0.8579 0.7500
v 0.8243 0.8579 0.9500
v 0.7757 0.8579 0.7500
v 0.7757 0.8579 0.9500
v 0.7300 0.8412 0.7500
v 0.7300 0.8412 0.9500
v 0.6928 0.8100 0.7500
v 0.6928 0.8100 0.9500
v 0.6684 0.7679 0.7500
v 0.6684 0.7679 0.9500
v 0.6600 0.7200 0.7500
v 0.6600 0.7200 0.9500
v 0.6684 0.6721 0.7500
v 0.6684 0.6721 0.9500
v 0.6928 0.6300 0.7500
v 0.6928 0.6300 0.9500
v 0.7300 0.5988 0.7500
v 0.7300 0.5988 0.9500
v 0.7757 0.5821 0.7500
v 0.7757 0.5821 0.9500
v 0.8243 0.5821 0.7500
v 0.8243 0.5821 0.9500
v 0.8700 0.5988 0.7500
v 0.8700 0.5988 0.9500
v 0.9072 0.6300 0.7500
v 0.9072 0.6300 0.9500
v 0.9316 0.6721 0.7500
v 0.9316 0.6721 0.9500
v 0.6800 0.6000 0.9500
v 0.9200 0.6000 0.9500
v 0.9200 0.8400 0.9500
v 0.6800 0.8400 0.9500
v 0.6800 0.6000 1.1500
v 0.9200 0.6000 1.1500
v 0.9200 0.8400 1.1500
v 0.6800 0.8400 1.1500
v 0.3000 0.8000 0.0410
v 2.6000 0.8000 0.0410
v 2.6000 1.1500 0.0410
v 0.3000 1.1500 0.0410
v 0.3000 0.8000 0.0470
v 2.6000 0.8000 0.0470
v 2.6000 1.1500 0.0470
v 0.3000 1.1500 0.0470
v 1.4000 3.5000 0.0410
v 3.1000 3.5000 0.0410
v 3.1000 4.9000 0.0410
v 1.4000 4.9000 0.0410
v 1.4000 3.5000 0.0470
v 3.1000 3.5000 0.0470
v 3.1000 4.9000 0.0470
v 1.4000 4.9000 0.0470
v 2.2000 0.4000 0.0410
v 4.7000 0.4000 0.0410
v 4.7000 1.7000 0.0410
v 2.2000 1.7000 0.0410
v 2.2000 0.4000 0.0470
v 4.7000 0.4000 0.0470
v 4.7000 1.7000 0.0470
v 2.2000 1.7000 0.0470
v 3.8000 3.8000 0.0410
v 5.9000 3.8000 0.0410
v 5.9000 5.5000 0.0410
v 3.8000 5.5000 0.0410
v 3.8000 3.8000 0.0470
v 5.9000 3.8000 0.0470
v 5.9000 5.5000 0.0470
v 3.8000 5.5000 0.0470
v 4.4000 2.2000 0.0410
v 6.9000 2.2000 0.0410
v 6.9000 2.9000 0.0410
v 4.4000 2.9000 0.0410
v 4.4000 2.2000 0.0470
v 6.9000 2.2000 0.0470
v 6.9000 2.9000 0.0470
v 4.4000 2.9000 0.0470
v 5.2000 0.3500 0.0410
v 7.4500 0.3500 0.0410
v 7.4500 0.8000 0.0410
v 5.2000 0.8000 0.0410
v 5.2000 0.3500 0.0470
v 7.4500 0.3500 0.0470
v 7.4500 0.8000 0.0470
v 5.2000 0.8000 0.0470
v 0.7000 2.0000 0.0410
v 2.0000 2.0000 0.0410
v 2.0000 2.8000 0.0410
v 0.7000 2.8000 0.0410
v 0.7000 2.0000 0.0470
v 2.0000 2.0000 0.0470
v 2.0000 2.8000 0.0470
v 0.7000 2.8000 0.0470
v 3.1000 3.2000 0.0410
v 4.4000 3.2000 0.0410
v 4.4000 4.2000 0.0410
v 3.1000 4.2000 0.0410
v 3.1000 3.2000 0.0470
v 4.4000 3.2000 0.0470
v 4.4000 4.2000 0.0470
v 3.1000 4.2000 0.0470
v 5.9000 4.5000 0.0410
v 7.3000 4.5000 0.0410
v 7.3000 5.1000 0.0410
v 5.9000 5.1000 0.0410
v 5.9000 4.5000 0.0470
v 7.3000 4.5000 0.0470
v 7.3000 5.1000 0.0470
v 5.9000 5.1000 0.0470
v 0.0000 0.0000 0.0380
v 0.0000 5.8000 0.0380
v 1.0000 0.0000 0.0380
v 1.0000 5.8000 0.0380
v 2.0000 0.0000 0.0380
v 2.0000 5.8000 0.0380
v 3.0000 0.0000 0.0380
v 3.0000 5.8000 0.0380
v 4.0000 0.0000 0.0380
v 4.0000 5.8000 0.0380
v 5.0000 0.0000 0.0380
v 5.0000 5.8000 0.0380
v 6.0000 0.0000 0.0380
v 6.0000 5.8000 0.0380
v 7.0000 0.0000 0.0380
v 7.0000 5.8000 0.0380
v 0.0000 0.0000 0.0380
v 7.7000 0.0000 0.0380
v 0.0000 1.0000 0.0380
v 7.7000 1.0000 0.0380
v 0.0000 2.0000 0.0380
v 7.7000 2.0000 0.0380
v 0.0000 3.0000 0.0380
v 7.7000 3.0000 0.0380
v 0.0000 4.0000 0.0380
v 7.7000 4.0000 0.0380
v 0.0000 5.0000 0.0380
v 7.7000 5.0000 0.0380
v 8.1500 0.1500 0.0400
v 8.1500 5.7500 0.0400
v 8.8500 0.1500 0.0400
v 8.8500 5.7500 0.0400
v 9.5500 0.1500 0.0400
v 9.5500 5.7500 0.0400
v 10.2500 0.1500 0.0400
v 10.2500 5.7500 0.0400
v 8.1500 0.1500 0.0400
v 10.3000 0.1500 0.0400
v 8.1500 0.8500 0.0400
v 10.3000 0.8500 0.0400
v 8.1500 1.5500 0.0400
v 10.3000 1.5500 0.0400
v 8.1500 2.2500 0.0400
v 10.3000 2.2500 0.0400
v 8.1500 2.9500 0.0400
v 10.3000 2.9500 0.0400
v 8.1500 3.6500 0.0400
v 10.3000 3.6500 0.0400
v 8.1500 4.3500 0.0400
v 10.3000 4.3500 0.0400
v 8.1500 5.0500 0.0400
v 10.3000 5.0500 0.0400

usemtl floor
o main_room_floor_marble_tiles
f 1 2 3 4
o main_room_floor_marble_tiles
f 5 8 7 6
o main_room_floor_marble_tiles
f 1 5 6 2
o main_room_floor_marble_tiles
f 2 6 7 3
o main_room_floor_marble_tiles
f 3 7 8 4
o main_room_floor_marble_tiles
f 4 8 5 1
usemtl grey
o bathroom_floor_grey_tiles
f 9 10 11 12
o bathroom_floor_grey_tiles
f 13 16 15 14
o bathroom_floor_grey_tiles
f 9 13 14 10
o bathroom_floor_grey_tiles
f 10 14 15 11
o bathroom_floor_grey_tiles
f 11 15 16 12
o bathroom_floor_grey_tiles
f 12 16 13 9
usemtl wall
o top_outer_wall_left
f 17 18 19 20
o top_outer_wall_left
f 21 24 23 22
o top_outer_wall_left
f 17 21 22 18
o top_outer_wall_left
f 18 22 23 19
o top_outer_wall_left
f 19 23 24 20
o top_outer_wall_left
f 20 24 21 17
o top_outer_wall_right
f 25 26 27 28
o top_outer_wall_right
f 29 32 31 30
o top_outer_wall_right
f 25 29 30 26
o top_outer_wall_right
f 26 30 31 27
o top_outer_wall_right
f 27 31 32 28
o top_outer_wall_right
f 28 32 29 25
o left_outer_wall
f 33 34 35 36
o left_outer_wall
f 37 40 39 38
o left_outer_wall
f 33 37 38 34
o left_outer_wall
f 34 38 39 35
o left_outer_wall
f 35 39 40 36
o left_outer_wall
f 36 40 37 33
o bottom_outer_wall_left
f 41 42 43 44
o bottom_outer_wall_left
f 45 48 47 46
o bottom_outer_wall_left
f 41 45 46 42
o bottom_outer_wall_left
f 42 46 47 43
o bottom_outer_wall_left
f 43 47 48 44
o bottom_outer_wall_left
f 44 48 45 41
o bottom_outer_wall_mid
f 49 50 51 52
o bottom_outer_wall_mid
f 53 56 55 54
o bottom_outer_wall_mid
f 49 53 54 50
o bottom_outer_wall_mid
f 50 54 55 51
o bottom_outer_wall_mid
f 51 55 56 52
o bottom_outer_wall_mid
f 52 56 53 49
o bottom_outer_wall_right
f 57 58 59 60
o bottom_outer_wall_right
f 61 64 63 62
o bottom_outer_wall_right
f 57 61 62 58
o bottom_outer_wall_right
f 58 62 63 59
o bottom_outer_wall_right
f 59 63 64 60
o bottom_outer_wall_right
f 60 64 61 57
o right_outer_wall
f 65 66 67 68
o right_outer_wall
f 69 72 71 70
o right_outer_wall
f 65 69 70 66
o right_outer_wall
f 66 70 71 67
o right_outer_wall
f 67 71 72 68
o right_outer_wall
f 68 72 69 65
o bathroom_partition
f 73 74 75 76
o bathroom_partition
f 77 80 79 78
o bathroom_partition
f 73 77 78 74
o bathroom_partition
f 74 78 79 75
o bathroom_partition
f 75 79 80 76
o bathroom_partition
f 76 80 77 73
o bath_sink_partition
f 81 82 83 84
o bath_sink_partition
f 85 88 87 86
o bath_sink_partition
f 81 85 86 82
o bath_sink_partition
f 82 86 87 83
o bath_sink_partition
f 83 87 88 84
o bath_sink_partition
f 84 88 85 81
o shower_partition_low
f 89 90 91 92
o shower_partition_low
f 93 96 95 94
o shower_partition_low
f 89 93 94 90
o shower_partition_low
f 90 94 95 91
o shower_partition_low
f 91 95 96 92
o shower_partition_low
f 92 96 93 89
usemtl wallInset
o main_wall_inner_panel_top
f 97 98 99 100
o main_wall_inner_panel_top
f 101 104 103 102
o main_wall_inner_panel_top
f 97 101 102 98
o main_wall_inner_panel_top
f 98 102 103 99
o main_wall_inner_panel_top
f 99 103 104 100
o main_wall_inner_panel_top
f 100 104 101 97
o main_wall_inner_panel_left
f 105 106 107 108
o main_wall_inner_panel_left
f 109 112 111 110
o main_wall_inner_panel_left
f 105 109 110 106
o main_wall_inner_panel_left
f 106 110 111 107
o main_wall_inner_panel_left
f 107 111 112 108
o main_wall_inner_panel_left
f 108 112 109 105
o bath_wall_inner_panel_right
f 113 114 115 116
o bath_wall_inner_panel_right
f 117 120 119 118
o bath_wall_inner_panel_right
f 113 117 118 114
o bath_wall_inner_panel_right
f 114 118 119 115
o bath_wall_inner_panel_right
f 115 119 120 116
o bath_wall_inner_panel_right
f 116 120 117 113
o bath_wall_inner_panel_top
f 121 122 123 124
o bath_wall_inner_panel_top
f 125 128 127 126
o bath_wall_inner_panel_top
f 121 125 126 122
o bath_wall_inner_panel_top
f 122 126 127 123
o bath_wall_inner_panel_top
f 123 127 128 124
o bath_wall_inner_panel_top
f 124 128 125 121
usemtl woodDark
o main_baseboard_top
f 129 130 131 132
o main_baseboard_top
f 133 136 135 134
o main_baseboard_top
f 129 133 134 130
o main_baseboard_top
f 130 134 135 131
o main_baseboard_top
f 131 135 136 132
o main_baseboard_top
f 132 136 133 129
o main_baseboard_left
f 137 138 139 140
o main_baseboard_left
f 141 144 143 142
o main_baseboard_left
f 137 141 142 138
o main_baseboard_left
f 138 142 143 139
o main_baseboard_left
f 139 143 144 140
o main_baseboard_left
f 140 144 141 137
o bottom_baseboard
f 145 146 147 148
o bottom_baseboard
f 149 152 151 150
o bottom_baseboard
f 145 149 150 146
o bottom_baseboard
f 146 150 151 147
o bottom_baseboard
f 147 151 152 148
o bottom_baseboard
f 148 152 149 145
usemtl lightGrey
o bath_baseboard_right
f 153 154 155 156
o bath_baseboard_right
f 157 160 159 158
o bath_baseboard_right
f 153 157 158 154
o bath_baseboard_right
f 154 158 159 155
o bath_baseboard_right
f 155 159 160 156
o bath_baseboard_right
f 156 160 157 153
usemtl glass
o long_high_window_glass
f 161 162 163 164
o long_high_window_glass
f 165 168 167 166
o long_high_window_glass
f 161 165 166 162
o long_high_window_glass
f 162 166 167 163
o long_high_window_glass
f 163 167 168 164
o long_high_window_glass
f 164 168 165 161
usemtl metal
o window_frame_mullion
f 169 170 171 172
o window_frame_mullion
f 173 176 175 174
o window_frame_mullion
f 169 173 174 170
o window_frame_mullion
f 170 174 175 171
o window_frame_mullion
f 171 175 176 172
o window_frame_mullion
f 172 176 173 169
o window_frame_mullion
f 177 178 179 180
o window_frame_mullion
f 181 184 183 182
o window_frame_mullion
f 177 181 182 178
o window_frame_mullion
f 178 182 183 179
o window_frame_mullion
f 179 183 184 180
o window_frame_mullion
f 180 184 181 177
o window_frame_mullion
f 185 186 187 188
o window_frame_mullion
f 189 192 191 190
o window_frame_mullion
f 185 189 190 186
o window_frame_mullion
f 186 190 191 187
o window_frame_mullion
f 187 191 192 188
o window_frame_mullion
f 188 192 189 185
o window_frame_mullion
f 193 194 195 196
o window_frame_mullion
f 197 200 199 198
o window_frame_mullion
f 193 197 198 194
o window_frame_mullion
f 194 198 199 195
o window_frame_mullion
f 195 199 200 196
o window_frame_mullion
f 196 200 197 193
o window_frame_mullion
f 201 202 203 204
o window_frame_mullion
f 205 208 207 206
o window_frame_mullion
f 201 205 206 202
o window_frame_mullion
f 202 206 207 203
o window_frame_mullion
f 203 207 208 204
o window_frame_mullion
f 204 208 205 201
usemtl chrome
o window_lower_frame
f 209 210 211 212
o window_lower_frame
f 213 216 215 214
o window_lower_frame
f 209 213 214 210
o window_lower_frame
f 210 214 215 211
o window_lower_frame
f 211 215 216 212
o window_lower_frame
f 212 216 213 209
o window_upper_frame
f 217 218 219 220
o window_upper_frame
f 221 224 223 222
o window_upper_frame
f 217 221 222 218
o window_upper_frame
f 218 222 223 219
o window_upper_frame
f 219 223 224 220
o window_upper_frame
f 220 224 221 217
o curtain_rod
f 225 226 227 228
o curtain_rod
f 229 232 231 230
o curtain_rod
f 225 229 230 226
o curtain_rod
f 226 230 231 227
o curtain_rod
f 227 231 232 228
o curtain_rod
f 228 232 229 225
usemtl blueFabric
o left_curtain_fold_1
f 233 234 235 236
o left_curtain_fold_1
f 237 240 239 238
o left_curtain_fold_1
f 233 237 238 234
o left_curtain_fold_1
f 234 238 239 235
o left_curtain_fold_1
f 235 239 240 236
o left_curtain_fold_1
f 236 240 237 233
o left_curtain_fold_2
f 241 242 243 244
o left_curtain_fold_2
f 245 248 247 246
o left_curtain_fold_2
f 241 245 246 242
o left_curtain_fold_2
f 242 246 247 243
o left_curtain_fold_2
f 243 247 248 244
o left_curtain_fold_2
f 244 248 245 241
o right_curtain_fold_1
f 249 250 251 252
o right_curtain_fold_1
f 253 256 255 254
o right_curtain_fold_1
f 249 253 254 250
o right_curtain_fold_1
f 250 254 255 251
o right_curtain_fold_1
f 251 255 256 252
o right_curtain_fold_1
f 252 256 253 249
o right_curtain_fold_2
f 257 258 259 260
o right_curtain_fold_2
f 261 264 263 262
o right_curtain_fold_2
f 257 261 262 258
o right_curtain_fold_2
f 258 262 263 259
o right_curtain_fold_2
f 259 263 264 260
o right_curtain_fold_2
f 260 264 261 257
usemtl blueFabricLight
o left_curtain_pleat_shadow
f 265 266 267 268
o left_curtain_pleat_shadow
f 269 272 271 270
o left_curtain_pleat_shadow
f 265 269 270 266
o left_curtain_pleat_shadow
f 266 270 271 267
o left_curtain_pleat_shadow
f 267 271 272 268
o left_curtain_pleat_shadow
f 268 272 269 265
o right_curtain_pleat_shadow
f 273 274 275 276
o right_curtain_pleat_shadow
f 277 280 279 278
o right_curtain_pleat_shadow
f 273 277 278 274
o right_curtain_pleat_shadow
f 274 278 279 275
o right_curtain_pleat_shadow
f 275 279 280 276
o right_curtain_pleat_shadow
f 276 280 277 273
o left_curtain_pleat_shadow
f 281 282 283 284
o left_curtain_pleat_shadow
f 285 288 287 286
o left_curtain_pleat_shadow
f 281 285 286 282
o left_curtain_pleat_shadow
f 282 286 287 283
o left_curtain_pleat_shadow
f 283 287 288 284
o left_curtain_pleat_shadow
f 284 288 285 281
o right_curtain_pleat_shadow
f 289 290 291 292
o right_curtain_pleat_shadow
f 293 296 295 294
o right_curtain_pleat_shadow
f 289 293 294 290
o right_curtain_pleat_shadow
f 290 294 295 291
o right_curtain_pleat_shadow
f 291 295 296 292
o right_curtain_pleat_shadow
f 292 296 293 289
o left_curtain_pleat_shadow
f 297 298 299 300
o left_curtain_pleat_shadow
f 301 304 303 302
o left_curtain_pleat_shadow
f 297 301 302 298
o left_curtain_pleat_shadow
f 298 302 303 299
o left_curtain_pleat_shadow
f 299 303 304 300
o left_curtain_pleat_shadow
f 300 304 301 297
o right_curtain_pleat_shadow
f 305 306 307 308
o right_curtain_pleat_shadow
f 309 312 311 310
o right_curtain_pleat_shadow
f 305 309 310 306
o right_curtain_pleat_shadow
f 306 310 311 307
o right_curtain_pleat_shadow
f 307 311 312 308
o right_curtain_pleat_shadow
f 308 312 309 305
o left_curtain_pleat_shadow
f 313 314 315 316
o left_curtain_pleat_shadow
f 317 320 319 318
o left_curtain_pleat_shadow
f 313 317 318 314
o left_curtain_pleat_shadow
f 314 318 319 315
o left_curtain_pleat_shadow
f 315 319 320 316
o left_curtain_pleat_shadow
f 316 320 317 313
o right_curtain_pleat_shadow
f 321 322 323 324
o right_curtain_pleat_shadow
f 325 328 327 326
o right_curtain_pleat_shadow
f 321 325 326 322
o right_curtain_pleat_shadow
f 322 326 327 323
o right_curtain_pleat_shadow
f 323 327 328 324
o right_curtain_pleat_shadow
f 324 328 325 321
o left_curtain_pleat_shadow
f 329 330 331 332
o left_curtain_pleat_shadow
f 333 336 335 334
o left_curtain_pleat_shadow
f 329 333 334 330
o left_curtain_pleat_shadow
f 330 334 335 331
o left_curtain_pleat_shadow
f 331 335 336 332
o left_curtain_pleat_shadow
f 332 336 333 329
o right_curtain_pleat_shadow
f 337 338 339 340
o right_curtain_pleat_shadow
f 341 344 343 342
o right_curtain_pleat_shadow
f 337 341 342 338
o right_curtain_pleat_shadow
f 338 342 343 339
o right_curtain_pleat_shadow
f 339 343 344 340
o right_curtain_pleat_shadow
f 340 344 341 337
usemtl wood
o main_room_door_leaf
f 345 346 347 348
o main_room_door_leaf
f 349 352 351 350
o main_room_door_leaf
f 345 349 350 346
o main_room_door_leaf
f 346 350 351 347
o main_room_door_leaf
f 347 351 352 348
o main_room_door_leaf
f 348 352 349 345
o bathroom_door_leaf
f 374 375 376 377
o bathroom_door_leaf
f 378 381 380 379
o bathroom_door_leaf
f 374 378 379 375
o bathroom_door_leaf
f 375 379 380 376
o bathroom_door_leaf
f 376 380 381 377
o bathroom_door_leaf
f 377 381 378 374
o bed_base
f 403 404 405 406
o bed_base
f 407 410 409 408
o bed_base
f 403 407 408 404
o bed_base
f 404 408 409 405
o bed_base
f 405 409 410 406
o bed_base
f 406 410 407 403
usemtl blueFabric
o blue_mattress
f 411 412 413 414
o blue_mattress
f 415 418 417 416
o blue_mattress
f 411 415 416 412
o blue_mattress
f 412 416 417 413
o blue_mattress
f 413 417 418 414
o blue_mattress
f 414 418 415 411
usemtl white
o white_pillow
f 419 420 421 422
o white_pillow
f 423 426 425 424
o white_pillow
f 419 423 424 420
o white_pillow
f 420 424 425 421
o white_pillow
f 421 425 426 422
o white_pillow
f 422 426 423 419
usemtl blueFabric
o blue_blanket_fold
f 427 428 429 430
o blue_blanket_fold
f 431 434 433 432
o blue_blanket_fold
f 427 431 432 428
o blue_blanket_fold
f 428 432 433 429
o blue_blanket_fold
f 429 433 434 430
o blue_blanket_fold
f 430 434 431 427
usemtl woodDark
o bed_headboard
f 435 436 437 438
o bed_headboard
f 439 442 441 440
o bed_headboard
f 435 439 440 436
o bed_headboard
f 436 440 441 437
o bed_headboard
f 437 441 442 438
o bed_headboard
f 438 442 439 435
o bed_footboard
f 443 444 445 446
o bed_footboard
f 447 450 449 448
o bed_footboard
f 443 447 448 444
o bed_footboard
f 444 448 449 445
o bed_footboard
f 445 449 450 446
o bed_footboard
f 446 450 447 443
usemtl paper
o pillow_soft_top
f 451 452 453 454
o pillow_soft_top
f 455 458 457 456
o pillow_soft_top
f 451 455 456 452
o pillow_soft_top
f 452 456 457 453
o pillow_soft_top
f 453 457 458 454
o pillow_soft_top
f 454 458 455 451
usemtl blueFabricLight
o blanket_fold_line
f 459 460 461 462
o blanket_fold_line
f 463 466 465 464
o blanket_fold_line
f 459 463 464 460
o blanket_fold_line
f 460 464 465 461
o blanket_fold_line
f 461 465 466 462
o blanket_fold_line
f 462 466 463 459
o blanket_fold_line
f 467 468 469 470
o blanket_fold_line
f 471 474 473 472
o blanket_fold_line
f 467 471 472 468
o blanket_fold_line
f 468 472 473 469
o blanket_fold_line
f 469 473 474 470
o blanket_fold_line
f 470 474 471 467
o blanket_fold_line
f 475 476 477 478
o blanket_fold_line
f 479 482 481 480
o blanket_fold_line
f 475 479 480 476
o blanket_fold_line
f 476 480 481 477
o blanket_fold_line
f 477 481 482 478
o blanket_fold_line
f 478 482 479 475
o blanket_fold_line
f 483 484 485 486
o blanket_fold_line
f 487 490 489 488
o blanket_fold_line
f 483 487 488 484
o blanket_fold_line
f 484 488 489 485
o blanket_fold_line
f 485 489 490 486
o blanket_fold_line
f 486 490 487 483
o blanket_fold_line
f 491 492 493 494
o blanket_fold_line
f 495 498 497 496
o blanket_fold_line
f 491 495 496 492
o blanket_fold_line
f 492 496 497 493
o blanket_fold_line
f 493 497 498 494
o blanket_fold_line
f 494 498 495 491
o blanket_turned_edge
f 499 500 501 502
o blanket_turned_edge
f 503 506 505 504
o blanket_turned_edge
f 499 503 504 500
o blanket_turned_edge
f 500 504 505 501
o blanket_turned_edge
f 501 505 506 502
o blanket_turned_edge
f 502 506 503 499
usemtl wood
o nightstand
f 507 508 509 510
o nightstand
f 511 514 513 512
o nightstand
f 507 511 512 508
o nightstand
f 508 512 513 509
o nightstand
f 509 513 514 510
o nightstand
f 510 514 511 507
usemtl woodLight
o nightstand_drawer_front
f 515 516 517 518
o nightstand_drawer_front
f 519 522 521 520
o nightstand_drawer_front
f 515 519 520 516
o nightstand_drawer_front
f 516 520 521 517
o nightstand_drawer_front
f 517 521 522 518
o nightstand_drawer_front
f 518 522 519 515
usemtl chrome
o nightstand_drawer_handle
f 523 524 525 526
o nightstand_drawer_handle
f 527 530 529 528
o nightstand_drawer_handle
f 523 527 528 524
o nightstand_drawer_handle
f 524 528 529 525
o nightstand_drawer_handle
f 525 529 530 526
o nightstand_drawer_handle
f 526 530 527 523
usemtl white
o round_lamp_shade
f 565 563 561 559 557 555 553 551 549 547 545 543 541 539 537 535 533 531
o round_lamp_shade
f 532 534 536 538 540 542 544 546 548 550 552 554 556 558 560 562 564 566
o round_lamp_shade
f 531 533 534 532
o round_lamp_shade
f 533 535 536 534
o round_lamp_shade
f 535 537 538 536
o round_lamp_shade
f 537 539 540 538
o round_lamp_shade
f 539 541 542 540
o round_lamp_shade
f 541 543 544 542
o round_lamp_shade
f 543 545 546 544
o round_lamp_shade
f 545 547 548 546
o round_lamp_shade
f 547 549 550 548
o round_lamp_shade
f 549 551 552 550
o round_lamp_shade
f 551 553 554 552
o round_lamp_shade
f 553 555 556 554
o round_lamp_shade
f 555 557 558 556
o round_lamp_shade
f 557 559 560 558
o round_lamp_shade
f 559 561 562 560
o round_lamp_shade
f 561 563 564 562
o round_lamp_shade
f 563 565 566 564
o round_lamp_shade
f 565 531 532 566
usemtl chrome
o lamp_stem
f 567 568 569 570
o lamp_stem
f 571 574 573 572
o lamp_stem
f 567 571 572 568
o lamp_stem
f 568 572 573 569
o lamp_stem
f 569 573 574 570
o lamp_stem
f 570 574 571 567
usemtl black
o small_phone_block
f 575 576 577 578
o small_phone_block
f 579 582 581 580
o small_phone_block
f 575 579 580 576
o small_phone_block
f 576 580 581 577
o small_phone_block
f 577 581 582 578
o small_phone_block
f 578 582 579 575
usemtl red
o red_retro_phone
f 583 584 585 586
o red_retro_phone
f 587 590 589 588
o red_retro_phone
f 583 587 588 584
o red_retro_phone
f 584 588 589 585
o red_retro_phone
f 585 589 590 586
o red_retro_phone
f 586 590 587 583
o phone_receiver
f 591 592 593 594
o phone_receiver
f 595 598 597 596
o phone_receiver
f 591 595 596 592
o phone_receiver
f 592 596 597 593
o phone_receiver
f 593 597 598 594
o phone_receiver
f 594 598 595 591
usemtl wood
o long_work_desk
f 599 600 601 602
o long_work_desk
f 603 606 605 604
o long_work_desk
f 599 603 604 600
o long_work_desk
f 600 604 605 601
o long_work_desk
f 601 605 606 602
o long_work_desk
f 602 606 603 599
usemtl woodLight
o desk_front_drawer_stack
f 607 608 609 610
o desk_front_drawer_stack
f 611 614 613 612
o desk_front_drawer_stack
f 607 611 612 608
o desk_front_drawer_stack
f 608 612 613 609
o desk_front_drawer_stack
f 609 613 614 610
o desk_front_drawer_stack
f 610 614 611 607
o desk_drawer_face
f 615 616 617 618
o desk_drawer_face
f 619 622 621 620
o desk_drawer_face
f 615 619 620 616
o desk_drawer_face
f 616 620 621 617
o desk_drawer_face
f 617 621 622 618
o desk_drawer_face
f 618 622 619 615
usemtl chrome
o desk_drawer_handle
f 623 624 625 626
o desk_drawer_handle
f 627 630 629 628
o desk_drawer_handle
f 623 627 628 624
o desk_drawer_handle
f 624 628 629 625
o desk_drawer_handle
f 625 629 630 626
o desk_drawer_handle
f 626 630 627 623
usemtl woodLight
o desk_drawer_face
f 631 632 633 634
o desk_drawer_face
f 635 638 637 636
o desk_drawer_face
f 631 635 636 632
o desk_drawer_face
f 632 636 637 633
o desk_drawer_face
f 633 637 638 634
o desk_drawer_face
f 634 638 635 631
usemtl chrome
o desk_drawer_handle
f 639 640 641 642
o desk_drawer_handle
f 643 646 645 644
o desk_drawer_handle
f 639 643 644 640
o desk_drawer_handle
f 640 644 645 641
o desk_drawer_handle
f 641 645 646 642
o desk_drawer_handle
f 642 646 643 639
usemtl woodLight
o desk_drawer_face
f 647 648 649 650
o desk_drawer_face
f 651 654 653 652
o desk_drawer_face
f 647 651 652 648
o desk_drawer_face
f 648 652 653 649
o desk_drawer_face
f 649 653 654 650
o desk_drawer_face
f 650 654 651 647
usemtl chrome
o desk_drawer_handle
f 655 656 657 658
o desk_drawer_handle
f 659 662 661 660
o desk_drawer_handle
f 655 659 660 656
o desk_drawer_handle
f 656 660 661 657
o desk_drawer_handle
f 657 661 662 658
o desk_drawer_handle
f 658 662 659 655
usemtl deskDark
o desk_pad
f 663 664 665 666
o desk_pad
f 667 670 669 668
o desk_pad
f 663 667 668 664
o desk_pad
f 664 668 669 665
o desk_pad
f 665 669 670 666
o desk_pad
f 666 670 667 663
usemtl grey
o laptop
f 671 672 673 674
o laptop
f 675 678 677 676
o laptop
f 671 675 676 672
o laptop
f 672 676 677 673
o laptop
f 673 677 678 674
o laptop
f 674 678 675 671
usemtl black
o laptop_screen
f 679 680 681 682
o laptop_screen
f 683 686 685 684
o laptop_screen
f 679 683 684 680
o laptop_screen
f 680 684 685 681
o laptop_screen
f 681 685 686 682
o laptop_screen
f 682 686 683 679
usemtl paper
o open_notebook_page
f 687 688 689 690
o open_notebook_page
f 691 694 693 692
o open_notebook_page
f 687 691 692 688
o open_notebook_page
f 688 692 693 689
o open_notebook_page
f 689 693 694 690
o open_notebook_page
f 690 694 691 687
usemtl bookBlue
o book_blue_cover
f 695 696 697 698
o book_blue_cover
f 699 702 701 700
o book_blue_cover
f 695 699 700 696
o book_blue_cover
f 696 700 701 697
o book_blue_cover
f 697 701 702 698
o book_blue_cover
f 698 702 699 695
usemtl bookCream
o book_cream_cover
f 703 704 705 706
o book_cream_cover
f 707 710 709 708
o book_cream_cover
f 703 707 708 704
o book_cream_cover
f 704 708 709 705
o book_cream_cover
f 705 709 710 706
o book_cream_cover
f 706 710 707 703
usemtl woodDark
o wall_picture_frame_1
f 711 712 713 714
o wall_picture_frame_1
f 715 718 717 716
o wall_picture_frame_1
f 711 715 716 712
o wall_picture_frame_1
f 712 716 717 713
o wall_picture_frame_1
f 713 717 718 714
o wall_picture_frame_1
f 714 718 715 711
usemtl paper
o wall_picture_paper_1
f 719 720 721 722
o wall_picture_paper_1
f 723 726 725 724
o wall_picture_paper_1
f 719 723 724 720
o wall_picture_paper_1
f 720 724 725 721
o wall_picture_paper_1
f 721 725 726 722
o wall_picture_paper_1
f 722 726 723 719
usemtl woodDark
o wall_picture_frame_2
f 727 728 729 730
o wall_picture_frame_2
f 731 734 733 732
o wall_picture_frame_2
f 727 731 732 728
o wall_picture_frame_2
f 728 732 733 729
o wall_picture_frame_2
f 729 733 734 730
o wall_picture_frame_2
f 730 734 731 727
usemtl paper
o wall_picture_paper_2
f 735 736 737 738
o wall_picture_paper_2
f 739 742 741 740
o wall_picture_paper_2
f 735 739 740 736
o wall_picture_paper_2
f 736 740 741 737
o wall_picture_paper_2
f 737 741 742 738
o wall_picture_paper_2
f 738 742 739 735
usemtl black
o desk_lamp_base
f 777 775 773 771 769 767 765 763 761 759 757 755 753 751 749 747 745 743
o desk_lamp_base
f 744 746 748 750 752 754 756 758 760 762 764 766 768 770 772 774 776 778
o desk_lamp_base
f 743 745 746 744
o desk_lamp_base
f 745 747 748 746
o desk_lamp_base
f 747 749 750 748
o desk_lamp_base
f 749 751 752 750
o desk_lamp_base
f 751 753 754 752
o desk_lamp_base
f 753 755 756 754
o desk_lamp_base
f 755 757 758 756
o desk_lamp_base
f 757 759 760 758
o desk_lamp_base
f 759 761 762 760
o desk_lamp_base
f 761 763 764 762
o desk_lamp_base
f 763 765 766 764
o desk_lamp_base
f 765 767 768 766
o desk_lamp_base
f 767 769 770 768
o desk_lamp_base
f 769 771 772 770
o desk_lamp_base
f 771 773 774 772
o desk_lamp_base
f 773 775 776 774
o desk_lamp_base
f 775 777 778 776
o desk_lamp_base
f 777 743 744 778
o desk_lamp_arm
f 779 780 781 782
o desk_lamp_arm
f 783 786 785 784
o desk_lamp_arm
f 779 783 784 780
o desk_lamp_arm
f 780 784 785 781
o desk_lamp_arm
f 781 785 786 782
o desk_lamp_arm
f 782 786 783 779
o desk_lamp_head
f 787 788 789 790
o desk_lamp_head
f 791 794 793 792
o desk_lamp_head
f 787 791 792 788
o desk_lamp_head
f 788 792 793 789
o desk_lamp_head
f 789 793 794 790
o desk_lamp_head
f 790 794 791 787
o office_chair_seat
f 795 796 797 798
o office_chair_seat
f 799 802 801 800
o office_chair_seat
f 795 799 800 796
o office_chair_seat
f 796 800 801 797
o office_chair_seat
f 797 801 802 798
o office_chair_seat
f 798 802 799 795
o office_chair_back
f 803 804 805 806
o office_chair_back
f 807 810 809 808
o office_chair_back
f 803 807 808 804
o office_chair_back
f 804 808 809 805
o office_chair_back
f 805 809 810 806
o office_chair_back
f 806 810 807 803
usemtl metal
o chair_pedestal
f 845 843 841 839 837 835 833 831 829 827 825 823 821 819 817 815 813 811
o chair_pedestal
f 812 814 816 818 820 822 824 826 828 830 832 834 836 838 840 842 844 846
o chair_pedestal
f 811 813 814 812
o chair_pedestal
f 813 815 816 814
o chair_pedestal
f 815 817 818 816
o chair_pedestal
f 817 819 820 818
o chair_pedestal
f 819 821 822 820
o chair_pedestal
f 821 823 824 822
o chair_pedestal
f 823 825 826 824
o chair_pedestal
f 825 827 828 826
o chair_pedestal
f 827 829 830 828
o chair_pedestal
f 829 831 832 830
o chair_pedestal
f 831 833 834 832
o chair_pedestal
f 833 835 836 834
o chair_pedestal
f 835 837 838 836
o chair_pedestal
f 837 839 840 838
o chair_pedestal
f 839 841 842 840
o chair_pedestal
f 841 843 844 842
o chair_pedestal
f 843 845 846 844
o chair_pedestal
f 845 811 812 846
o chair_wheel_leg
f 847 848 849 850
o chair_wheel_leg
f 851 854 853 852
o chair_wheel_leg
f 847 851 852 848
o chair_wheel_leg
f 848 852 853 849
o chair_wheel_leg
f 849 853 854 850
o chair_wheel_leg
f 850 854 851 847
usemtl black
o chair_caster
f 873 871 869 867 865 863 861 859 857 855
o chair_caster
f 856 858 860 862 864 866 868 870 872 874
o chair_caster
f 855 857 858 856
o chair_caster
f 857 859 860 858
o chair_caster
f 859 861 862 860
o chair_caster
f 861 863 864 862
o chair_caster
f 863 865 866 864
o chair_caster
f 865 867 868 866
o chair_caster
f 867 869 870 868
o chair_caster
f 869 871 872 870
o chair_caster
f 871 873 874 872
o chair_caster
f 873 855 856 874
usemtl metal
o chair_wheel_leg
f 875 876 877 878
o chair_wheel_leg
f 879 882 881 880
o chair_wheel_leg
f 875 879 880 876
o chair_wheel_leg
f 876 880 881 877
o chair_wheel_leg
f 877 881 882 878
o chair_wheel_leg
f 878 882 879 875
usemtl black
o chair_caster
f 901 899 897 895 893 891 889 887 885 883
o chair_caster
f 884 886 888 890 892 894 896 898 900 902
o chair_caster
f 883 885 886 884
o chair_caster
f 885 887 888 886
o chair_caster
f 887 889 890 888
o chair_caster
f 889 891 892 890
o chair_caster
f 891 893 894 892
o chair_caster
f 893 895 896 894
o chair_caster
f 895 897 898 896
o chair_caster
f 897 899 900 898
o chair_caster
f 899 901 902 900
o chair_caster
f 901 883 884 902
usemtl metal
o chair_wheel_leg
f 903 904 905 906
o chair_wheel_leg
f 907 910 909 908
o chair_wheel_leg
f 903 907 908 904
o chair_wheel_leg
f 904 908 909 905
o chair_wheel_leg
f 905 909 910 906
o chair_wheel_leg
f 906 910 907 903
usemtl black
o chair_caster
f 929 927 925 923 921 919 917 915 913 911
o chair_caster
f 912 914 916 918 920 922 924 926 928 930
o chair_caster
f 911 913 914 912
o chair_caster
f 913 915 916 914
o chair_caster
f 915 917 918 916
o chair_caster
f 917 919 920 918
o chair_caster
f 919 921 922 920
o chair_caster
f 921 923 924 922
o chair_caster
f 923 925 926 924
o chair_caster
f 925 927 928 926
o chair_caster
f 927 929 930 928
o chair_caster
f 929 911 912 930
usemtl metal
o chair_wheel_leg
f 931 932 933 934
o chair_wheel_leg
f 935 938 937 936
o chair_wheel_leg
f 931 935 936 932
o chair_wheel_leg
f 932 936 937 933
o chair_wheel_leg
f 933 937 938 934
o chair_wheel_leg
f 934 938 935 931
usemtl black
o chair_caster
f 957 955 953 951 949 947 945 943 941 939
o chair_caster
f 940 942 944 946 948 950 952 954 956 958
o chair_caster
f 939 941 942 940
o chair_caster
f 941 943 944 942
o chair_caster
f 943 945 946 944
o chair_caster
f 945 947 948 946
o chair_caster
f 947 949 950 948
o chair_caster
f 949 951 952 950
o chair_caster
f 951 953 954 952
o chair_caster
f 953 955 956 954
o chair_caster
f 955 957 958 956
o chair_caster
f 957 939 940 958
usemtl metal
o chair_wheel_leg
f 959 960 961 962
o chair_wheel_leg
f 963 966 965 964
o chair_wheel_leg
f 959 963 964 960
o chair_wheel_leg
f 960 964 965 961
o chair_wheel_leg
f 961 965 966 962
o chair_wheel_leg
f 962 966 963 959
usemtl black
o chair_caster
f 985 983 981 979 977 975 973 971 969 967
o chair_caster
f 968 970 972 974 976 978 980 982 984 986
o chair_caster
f 967 969 970 968
o chair_caster
f 969 971 972 970
o chair_caster
f 971 973 974 972
o chair_caster
f 973 975 976 974
o chair_caster
f 975 977 978 976
o chair_caster
f 977 979 980 978
o chair_caster
f 979 981 982 980
o chair_caster
f 981 983 984 982
o chair_caster
f 983 985 986 984
o chair_caster
f 985 967 968 986
usemtl darkFabric
o large_blue_grey_rug
f 987 988 989 990
o large_blue_grey_rug
f 991 994 993 992
o large_blue_grey_rug
f 987 991 992 988
o large_blue_grey_rug
f 988 992 993 989
o large_blue_grey_rug
f 989 993 994 990
o large_blue_grey_rug
f 990 994 991 987
usemtl blueFabric
o bath_blue_floor_mat
f 995 996 997 998
o bath_blue_floor_mat
f 999 1002 1001 1000
o bath_blue_floor_mat
f 995 999 1000 996
o bath_blue_floor_mat
f 996 1000 1001 997
o bath_blue_floor_mat
f 997 1001 1002 998
o bath_blue_floor_mat
f 998 1002 999 995
usemtl wood
o large_wardrobe_body
f 1003 1004 1005 1006
o large_wardrobe_body
f 1007 1010 1009 1008
o large_wardrobe_body
f 1003 1007 1008 1004
o large_wardrobe_body
f 1004 1008 1009 1005
o large_wardrobe_body
f 1005 1009 1010 1006
o large_wardrobe_body
f 1006 1010 1007 1003
o wardrobe_left_door
f 1011 1012 1013 1014
o wardrobe_left_door
f 1015 1018 1017 1016
o wardrobe_left_door
f 1011 1015 1016 1012
o wardrobe_left_door
f 1012 1016 1017 1013
o wardrobe_left_door
f 1013 1017 1018 1014
o wardrobe_left_door
f 1014 1018 1015 1011
o wardrobe_right_door
f 1019 1020 1021 1022
o wardrobe_right_door
f 1023 1026 1025 1024
o wardrobe_right_door
f 1019 1023 1024 1020
o wardrobe_right_door
f 1020 1024 1025 1021
o wardrobe_right_door
f 1021 1025 1026 1022
o wardrobe_right_door
f 1022 1026 1023 1019
usemtl woodLight
o wardrobe_lower_drawer
f 1027 1028 1029 1030
o wardrobe_lower_drawer
f 1031 1034 1033 1032
o wardrobe_lower_drawer
f 1027 1031 1032 1028
o wardrobe_lower_drawer
f 1028 1032 1033 1029
o wardrobe_lower_drawer
f 1029 1033 1034 1030
o wardrobe_lower_drawer
f 1030 1034 1031 1027
usemtl chrome
o wardrobe_drawer_handle
f 1035 1036 1037 1038
o wardrobe_drawer_handle
f 1039 1042 1041 1040
o wardrobe_drawer_handle
f 1035 1039 1040 1036
o wardrobe_drawer_handle
f 1036 1040 1041 1037
o wardrobe_drawer_handle
f 1037 1041 1042 1038
o wardrobe_drawer_handle
f 1038 1042 1039 1035
usemtl woodLight
o wardrobe_lower_drawer
f 1043 1044 1045 1046
o wardrobe_lower_drawer
f 1047 1050 1049 1048
o wardrobe_lower_drawer
f 1043 1047 1048 1044
o wardrobe_lower_drawer
f 1044 1048 1049 1045
o wardrobe_lower_drawer
f 1045 1049 1050 1046
o wardrobe_lower_drawer
f 1046 1050 1047 1043
usemtl chrome
o wardrobe_drawer_handle
f 1051 1052 1053 1054
o wardrobe_drawer_handle
f 1055 1058 1057 1056
o wardrobe_drawer_handle
f 1051 1055 1056 1052
o wardrobe_drawer_handle
f 1052 1056 1057 1053
o wardrobe_drawer_handle
f 1053 1057 1058 1054
o wardrobe_drawer_handle
f 1054 1058 1055 1051
usemtl woodLight
o wardrobe_lower_drawer
f 1059 1060 1061 1062
o wardrobe_lower_drawer
f 1063 1066 1065 1064
o wardrobe_lower_drawer
f 1059 1063 1064 1060
o wardrobe_lower_drawer
f 1060 1064 1065 1061
o wardrobe_lower_drawer
f 1061 1065 1066 1062
o wardrobe_lower_drawer
f 1062 1066 1063 1059
usemtl chrome
o wardrobe_drawer_handle
f 1067 1068 1069 1070
o wardrobe_drawer_handle
f 1071 1074 1073 1072
o wardrobe_drawer_handle
f 1067 1071 1072 1068
o wardrobe_drawer_handle
f 1068 1072 1073 1069
o wardrobe_drawer_handle
f 1069 1073 1074 1070
o wardrobe_drawer_handle
f 1070 1074 1071 1067
o wardrobe_left_handle
f 1075 1076 1077 1078
o wardrobe_left_handle
f 1079 1082 1081 1080
o wardrobe_left_handle
f 1075 1079 1080 1076
o wardrobe_left_handle
f 1076 1080 1081 1077
o wardrobe_left_handle
f 1077 1081 1082 1078
o wardrobe_left_handle
f 1078 1082 1079 1075
o wardrobe_right_handle
f 1083 1084 1085 1086
o wardrobe_right_handle
f 1087 1090 1089 1088
o wardrobe_right_handle
f 1083 1087 1088 1084
o wardrobe_right_handle
f 1084 1088 1089 1085
o wardrobe_right_handle
f 1085 1089 1090 1086
o wardrobe_right_handle
f 1086 1090 1087 1083
usemtl woodLight
o upper_cabinet_left_door
f 1091 1092 1093 1094
o upper_cabinet_left_door
f 1095 1098 1097 1096
o upper_cabinet_left_door
f 1091 1095 1096 1092
o upper_cabinet_left_door
f 1092 1096 1097 1093
o upper_cabinet_left_door
f 1093 1097 1098 1094
o upper_cabinet_left_door
f 1094 1098 1095 1091
o upper_cabinet_right_door
f 1099 1100 1101 1102
o upper_cabinet_right_door
f 1103 1106 1105 1104
o upper_cabinet_right_door
f 1099 1103 1104 1100
o upper_cabinet_right_door
f 1100 1104 1105 1101
o upper_cabinet_right_door
f 1101 1105 1106 1102
o upper_cabinet_right_door
f 1102 1106 1103 1099
usemtl black
o open_closet_shadow
f 1107 1108 1109 1110
o open_closet_shadow
f 1111 1114 1113 1112
o open_closet_shadow
f 1107 1111 1112 1108
o open_closet_shadow
f 1108 1112 1113 1109
o open_closet_shadow
f 1109 1113 1114 1110
o open_closet_shadow
f 1110 1114 1111 1107
usemtl green
o hanging_uniform
f 1115 1116 1117 1118
o hanging_uniform
f 1119 1122 1121 1120
o hanging_uniform
f 1115 1119 1120 1116
o hanging_uniform
f 1116 1120 1121 1117
o hanging_uniform
f 1117 1121 1122 1118
o hanging_uniform
f 1118 1122 1119 1115
usemtl orange
o uniform_gold_buttons
f 1123 1124 1125 1126
o uniform_gold_buttons
f 1127 1130 1129 1128
o uniform_gold_buttons
f 1123 1127 1128 1124
o uniform_gold_buttons
f 1124 1128 1129 1125
o uniform_gold_buttons
f 1125 1129 1130 1126
o uniform_gold_buttons
f 1126 1130 1127 1123
usemtl black
o hanging_pants_shadow
f 1131 1132 1133 1134
o hanging_pants_shadow
f 1135 1138 1137 1136
o hanging_pants_shadow
f 1131 1135 1136 1132
o hanging_pants_shadow
f 1132 1136 1137 1133
o hanging_pants_shadow
f 1133 1137 1138 1134
o hanging_pants_shadow
f 1134 1138 1135 1131
usemtl chrome
o closet_hanger_bar
f 1139 1140 1141 1142
o closet_hanger_bar
f 1143 1146 1145 1144
o closet_hanger_bar
f 1139 1143 1144 1140
o closet_hanger_bar
f 1140 1144 1145 1141
o closet_hanger_bar
f 1141 1145 1146 1142
o closet_hanger_bar
f 1142 1146 1143 1139
usemtl wood
o overhead_cabinet
f 1147 1148 1149 1150
o overhead_cabinet
f 1151 1154 1153 1152
o overhead_cabinet
f 1147 1151 1152 1148
o overhead_cabinet
f 1148 1152 1153 1149
o overhead_cabinet
f 1149 1153 1154 1150
o overhead_cabinet
f 1150 1154 1151 1147
usemtl green
o green_backpack
f 1155 1156 1157 1158
o green_backpack
f 1159 1162 1161 1160
o green_backpack
f 1155 1159 1160 1156
o green_backpack
f 1156 1160 1161 1157
o green_backpack
f 1157 1161 1162 1158
o green_backpack
f 1158 1162 1159 1155
usemtl olive
o backpack_front_pocket
f 1163 1164 1165 1166
o backpack_front_pocket
f 1167 1170 1169 1168
o backpack_front_pocket
f 1163 1167 1168 1164
o backpack_front_pocket
f 1164 1168 1169 1165
o backpack_front_pocket
f 1165 1169 1170 1166
o backpack_front_pocket
f 1166 1170 1167 1163
o backpack_top_flap
f 1171 1172 1173 1174
o backpack_top_flap
f 1175 1178 1177 1176
o backpack_top_flap
f 1171 1175 1176 1172
o backpack_top_flap
f 1172 1176 1177 1173
o backpack_top_flap
f 1173 1177 1178 1174
o backpack_top_flap
f 1174 1178 1175 1171
usemtl black
o backpack_strap_left
f 1179 1180 1181 1182
o backpack_strap_left
f 1183 1186 1185 1184
o backpack_strap_left
f 1179 1183 1184 1180
o backpack_strap_left
f 1180 1184 1185 1181
o backpack_strap_left
f 1181 1185 1186 1182
o backpack_strap_left
f 1182 1186 1183 1179
o backpack_strap_right
f 1187 1188 1189 1190
o backpack_strap_right
f 1191 1194 1193 1192
o backpack_strap_right
f 1187 1191 1192 1188
o backpack_strap_right
f 1188 1192 1193 1189
o backpack_strap_right
f 1189 1193 1194 1190
o backpack_strap_right
f 1190 1194 1191 1187
usemtl wood
o shoe_bench
f 1195 1196 1197 1198
o shoe_bench
f 1199 1202 1201 1200
o shoe_bench
f 1195 1199 1200 1196
o shoe_bench
f 1196 1200 1201 1197
o shoe_bench
f 1197 1201 1202 1198
o shoe_bench
f 1198 1202 1199 1195
usemtl black
o black_cushion_on_bench
f 1203 1204 1205 1206
o black_cushion_on_bench
f 1207 1210 1209 1208
o black_cushion_on_bench
f 1203 1207 1208 1204
o black_cushion_on_bench
f 1204 1208 1209 1205
o black_cushion_on_bench
f 1205 1209 1210 1206
o black_cushion_on_bench
f 1206 1210 1207 1203
o shoe_pair
f 1211 1212 1213 1214
o shoe_pair
f 1215 1218 1217 1216
o shoe_pair
f 1211 1215 1216 1212
o shoe_pair
f 1212 1216 1217 1213
o shoe_pair
f 1213 1217 1218 1214
o shoe_pair
f 1214 1218 1215 1211
usemtl lightGrey
o shoe_highlight
f 1219 1220 1221 1222
o shoe_highlight
f 1223 1226 1225 1224
o shoe_highlight
f 1219 1223 1224 1220
o shoe_highlight
f 1220 1224 1225 1221
o shoe_highlight
f 1221 1225 1226 1222
o shoe_highlight
f 1222 1226 1223 1219
usemtl black
o shoe_pair
f 1227 1228 1229 1230
o shoe_pair
f 1231 1234 1233 1232
o shoe_pair
f 1227 1231 1232 1228
o shoe_pair
f 1228 1232 1233 1229
o shoe_pair
f 1229 1233 1234 1230
o shoe_pair
f 1230 1234 1231 1227
usemtl lightGrey
o shoe_highlight
f 1235 1236 1237 1238
o shoe_highlight
f 1239 1242 1241 1240
o shoe_highlight
f 1235 1239 1240 1236
o shoe_highlight
f 1236 1240 1241 1237
o shoe_highlight
f 1237 1241 1242 1238
o shoe_highlight
f 1238 1242 1239 1235
usemtl black
o shoe_pair
f 1243 1244 1245 1246
o shoe_pair
f 1247 1250 1249 1248
o shoe_pair
f 1243 1247 1248 1244
o shoe_pair
f 1244 1248 1249 1245
o shoe_pair
f 1245 1249 1250 1246
o shoe_pair
f 1246 1250 1247 1243
usemtl lightGrey
o shoe_highlight
f 1251 1252 1253 1254
o shoe_highlight
f 1255 1258 1257 1256
o shoe_highlight
f 1251 1255 1256 1252
o shoe_highlight
f 1252 1256 1257 1253
o shoe_highlight
f 1253 1257 1258 1254
o shoe_highlight
f 1254 1258 1255 1251
usemtl black
o shoe_pair
f 1259 1260 1261 1262
o shoe_pair
f 1263 1266 1265 1264
o shoe_pair
f 1259 1263 1264 1260
o shoe_pair
f 1260 1264 1265 1261
o shoe_pair
f 1261 1265 1266 1262
o shoe_pair
f 1262 1266 1263 1259
usemtl lightGrey
o shoe_highlight
f 1267 1268 1269 1270
o shoe_highlight
f 1271 1274 1273 1272
o shoe_highlight
f 1267 1271 1272 1268
o shoe_highlight
f 1268 1272 1273 1269
o shoe_highlight
f 1269 1273 1274 1270
o shoe_highlight
f 1270 1274 1271 1267
usemtl glass
o shower_glass_panel
f 1275 1276 1277 1278
o shower_glass_panel
f 1279 1282 1281 1280
o shower_glass_panel
f 1275 1279 1280 1276
o shower_glass_panel
f 1276 1280 1281 1277
o shower_glass_panel
f 1277 1281 1282 1278
o shower_glass_panel
f 1278 1282 1279 1275
o shower_glass_door
f 1283 1284 1285 1286
o shower_glass_door
f 1287 1290 1289 1288
o shower_glass_door
f 1283 1287 1288 1284
o shower_glass_door
f 1284 1288 1289 1285
o shower_glass_door
f 1285 1289 1290 1286
o shower_glass_door
f 1286 1290 1287 1283
usemtl chrome
o shower_door_handle
f 1291 1292 1293 1294
o shower_door_handle
f 1295 1298 1297 1296
o shower_door_handle
f 1291 1295 1296 1292
o shower_door_handle
f 1292 1296 1297 1293
o shower_door_handle
f 1293 1297 1298 1294
o shower_door_handle
f 1294 1298 1295 1291
usemtl grey
o shower_floor_pan
f 1299 1300 1301 1302
o shower_floor_pan
f 1303 1306 1305 1304
o shower_floor_pan
f 1299 1303 1304 1300
o shower_floor_pan
f 1300 1304 1305 1301
o shower_floor_pan
f 1301 1305 1306 1302
o shower_floor_pan
f 1302 1306 1303 1299
usemtl metal
o shower_column
f 1341 1339 1337 1335 1333 1331 1329 1327 1325 1323 1321 1319 1317 1315 1313 1311 1309 1307
o shower_column
f 1308 1310 1312 1314 1316 1318 1320 1322 1324 1326 1328 1330 1332 1334 1336 1338 1340 1342
o shower_column
f 1307 1309 1310 1308
o shower_column
f 1309 1311 1312 1310
o shower_column
f 1311 1313 1314 1312
o shower_column
f 1313 1315 1316 1314
o shower_column
f 1315 1317 1318 1316
o shower_column
f 1317 1319 1320 1318
o shower_column
f 1319 1321 1322 1320
o shower_column
f 1321 1323 1324 1322
o shower_column
f 1323 1325 1326 1324
o shower_column
f 1325 1327 1328 1326
o shower_column
f 1327 1329 1330 1328
o shower_column
f 1329 1331 1332 1330
o shower_column
f 1331 1333 1334 1332
o shower_column
f 1333 1335 1336 1334
o shower_column
f 1335 1337 1338 1336
o shower_column
f 1337 1339 1340 1338
o shower_column
f 1339 1341 1342 1340
o shower_column
f 1341 1307 1308 1342
o shower_head
f 1377 1375 1373 1371 1369 1367 1365 1363 1361 1359 1357 1355 1353 1351 1349 1347 1345 1343
o shower_head
f 1344 1346 1348 1350 1352 1354 1356 1358 1360 1362 1364 1366 1368 1370 1372 1374 1376 1378
o shower_head
f 1343 1345 1346 1344
o shower_head
f 1345 1347 1348 1346
o shower_head
f 1347 1349 1350 1348
o shower_head
f 1349 1351 1352 1350
o shower_head
f 1351 1353 1354 1352
o shower_head
f 1353 1355 1356 1354
o shower_head
f 1355 1357 1358 1356
o shower_head
f 1357 1359 1360 1358
o shower_head
f 1359 1361 1362 1360
o shower_head
f 1361 1363 1364 1362
o shower_head
f 1363 1365 1366 1364
o shower_head
f 1365 1367 1368 1366
o shower_head
f 1367 1369 1370 1368
o shower_head
f 1369 1371 1372 1370
o shower_head
f 1371 1373 1374 1372
o shower_head
f 1373 1375 1376 1374
o shower_head
f 1375 1377 1378 1376
o shower_head
f 1377 1343 1344 1378
usemtl chrome
o shower_mixer_bar
f 1379 1380 1381 1382
o shower_mixer_bar
f 1383 1386 1385 1384
o shower_mixer_bar
f 1379 1383 1384 1380
o shower_mixer_bar
f 1380 1384 1385 1381
o shower_mixer_bar
f 1381 1385 1386 1382
o shower_mixer_bar
f 1382 1386 1383 1379
usemtl lightGrey
o shower_wall_tile_accent
f 1387 1388 1389 1390
o shower_wall_tile_accent
f 1391 1394 1393 1392
o shower_wall_tile_accent
f 1387 1391 1392 1388
o shower_wall_tile_accent
f 1388 1392 1393 1389
o shower_wall_tile_accent
f 1389 1393 1394 1390
o shower_wall_tile_accent
f 1390 1394 1391 1387
usemtl white
o sink_counter
f 1395 1396 1397 1398
o sink_counter
f 1399 1402 1401 1400
o sink_counter
f 1395 1399 1400 1396
o sink_counter
f 1396 1400 1401 1397
o sink_counter
f 1397 1401 1402 1398
o sink_counter
f 1398 1402 1399 1395
o sink_basin
f 1403 1404 1405 1406
o sink_basin
f 1407 1410 1409 1408
o sink_basin
f 1403 1407 1408 1404
o sink_basin
f 1404 1408 1409 1405
o sink_basin
f 1405 1409 1410 1406
o sink_basin
f 1406 1410 1407 1403
usemtl metal
o faucet
f 1445 1443 1441 1439 1437 1435 1433 1431 1429 1427 1425 1423 1421 1419 1417 1415 1413 1411
o faucet
f 1412 1414 1416 1418 1420 1422 1424 1426 1428 1430 1432 1434 1436 1438 1440 1442 1444 1446
o faucet
f 1411 1413 1414 1412
o faucet
f 1413 1415 1416 1414
o faucet
f 1415 1417 1418 1416
o faucet
f 1417 1419 1420 1418
o faucet
f 1419 1421 1422 1420
o faucet
f 1421 1423 1424 1422
o faucet
f 1423 1425 1426 1424
o faucet
f 1425 1427 1428 1426
o faucet
f 1427 1429 1430 1428
o faucet
f 1429 1431 1432 1430
o faucet
f 1431 1433 1434 1432
o faucet
f 1433 1435 1436 1434
o faucet
f 1435 1437 1438 1436
o faucet
f 1437 1439 1440 1438
o faucet
f 1439 1441 1442 1440
o faucet
f 1441 1443 1444 1442
o faucet
f 1443 1445 1446 1444
o faucet
f 1445 1411 1412 1446
usemtl woodLight
o sink_cabinet_front
f 1447 1448 1449 1450
o sink_cabinet_front
f 1451 1454 1453 1452
o sink_cabinet_front
f 1447 1451 1452 1448
o sink_cabinet_front
f 1448 1452 1453 1449
o sink_cabinet_front
f 1449 1453 1454 1450
o sink_cabinet_front
f 1450 1454 1451 1447
usemtl chrome
o sink_cabinet_handle
f 1455 1456 1457 1458
o sink_cabinet_handle
f 1459 1462 1461 1460
o sink_cabinet_handle
f 1455 1459 1460 1456
o sink_cabinet_handle
f 1456 1460 1461 1457
o sink_cabinet_handle
f 1457 1461 1462 1458
o sink_cabinet_handle
f 1458 1462 1459 1455
usemtl mirror
o bathroom_mirror
f 1463 1464 1465 1466
o bathroom_mirror
f 1467 1470 1469 1468
o bathroom_mirror
f 1463 1467 1468 1464
o bathroom_mirror
f 1464 1468 1469 1465
o bathroom_mirror
f 1465 1469 1470 1466
o bathroom_mirror
f 1466 1470 1467 1463
usemtl chrome
o mirror_frame
f 1471 1472 1473 1474
o mirror_frame
f 1475 1478 1477 1476
o mirror_frame
f 1471 1475 1476 1472
o mirror_frame
f 1472 1476 1477 1473
o mirror_frame
f 1473 1477 1478 1474
o mirror_frame
f 1474 1478 1475 1471
o towel_bar
f 1479 1480 1481 1482
o towel_bar
f 1483 1486 1485 1484
o towel_bar
f 1479 1483 1484 1480
o towel_bar
f 1480 1484 1485 1481
o towel_bar
f 1481 1485 1486 1482
o towel_bar
f 1482 1486 1483 1479
usemtl blueFabricLight
o hanging_towel
f 1487 1488 1489 1490
o hanging_towel
f 1491 1494 1493 1492
o hanging_towel
f 1487 1491 1492 1488
o hanging_towel
f 1488 1492 1493 1489
o hanging_towel
f 1489 1493 1494 1490
o hanging_towel
f 1490 1494 1491 1487
usemtl green
o soap_bottle
f 1495 1496 1497 1498
o soap_bottle
f 1499 1502 1501 1500
o soap_bottle
f 1495 1499 1500 1496
o soap_bottle
f 1496 1500 1501 1497
o soap_bottle
f 1497 1501 1502 1498
o soap_bottle
f 1498 1502 1499 1495
usemtl white
o toothbrush_cup
f 1503 1504 1505 1506
o toothbrush_cup
f 1507 1510 1509 1508
o toothbrush_cup
f 1503 1507 1508 1504
o toothbrush_cup
f 1504 1508 1509 1505
o toothbrush_cup
f 1505 1509 1510 1506
o toothbrush_cup
f 1506 1510 1507 1503
o toilet_tank
f 1511 1512 1513 1514
o toilet_tank
f 1515 1518 1517 1516
o toilet_tank
f 1511 1515 1516 1512
o toilet_tank
f 1512 1516 1517 1513
o toilet_tank
f 1513 1517 1518 1514
o toilet_tank
f 1514 1518 1515 1511
o toilet_bowl
f 1553 1551 1549 1547 1545 1543 1541 1539 1537 1535 1533 1531 1529 1527 1525 1523 1521 1519
o toilet_bowl
f 1520 1522 1524 1526 1528 1530 1532 1534 1536 1538 1540 1542 1544 1546 1548 1550 1552 1554
o toilet_bowl
f 1519 1521 1522 1520
o toilet_bowl
f 1521 1523 1524 1522
o toilet_bowl
f 1523 1525 1526 1524
o toilet_bowl
f 1525 1527 1528 1526
o toilet_bowl
f 1527 1529 1530 1528
o toilet_bowl
f 1529 1531 1532 1530
o toilet_bowl
f 1531 1533 1534 1532
o toilet_bowl
f 1533 1535 1536 1534
o toilet_bowl
f 1535 1537 1538 1536
o toilet_bowl
f 1537 1539 1540 1538
o toilet_bowl
f 1539 1541 1542 1540
o toilet_bowl
f 1541 1543 1544 1542
o toilet_bowl
f 1543 1545 1546 1544
o toilet_bowl
f 1545 1547 1548 1546
o toilet_bowl
f 1547 1549 1550 1548
o toilet_bowl
f 1549 1551 1552 1550
o toilet_bowl
f 1551 1553 1554 1552
o toilet_bowl
f 1553 1519 1520 1554
usemtl paper
o toilet_seat_lid
f 1555 1556 1557 1558
o toilet_seat_lid
f 1559 1562 1561 1560
o toilet_seat_lid
f 1555 1559 1560 1556
o toilet_seat_lid
f 1556 1560 1561 1557
o toilet_seat_lid
f 1557 1561 1562 1558
o toilet_seat_lid
f 1558 1562 1559 1555
usemtl chrome
o toilet_flush_button
f 1563 1564 1565 1566
o toilet_flush_button
f 1567 1570 1569 1568
o toilet_flush_button
f 1563 1567 1568 1564
o toilet_flush_button
f 1564 1568 1569 1565
o toilet_flush_button
f 1565 1569 1570 1566
o toilet_flush_button
f 1566 1570 1567 1563
usemtl white
o toilet_paper_holder
f 1571 1572 1573 1574
o toilet_paper_holder
f 1575 1578 1577 1576
o toilet_paper_holder
f 1571 1575 1576 1572
o toilet_paper_holder
f 1572 1576 1577 1573
o toilet_paper_holder
f 1573 1577 1578 1574
o toilet_paper_holder
f 1574 1578 1575 1571
usemtl chrome
o toilet_paper_pin
f 1579 1580 1581 1582
o toilet_paper_pin
f 1583 1586 1585 1584
o toilet_paper_pin
f 1579 1583 1584 1580
o toilet_paper_pin
f 1580 1584 1585 1581
o toilet_paper_pin
f 1581 1585 1586 1582
o toilet_paper_pin
f 1582 1586 1583 1579
usemtl wood
o plant_pot_bed_corner
f 1621 1619 1617 1615 1613 1611 1609 1607 1605 1603 1601 1599 1597 1595 1593 1591 1589 1587
o plant_pot_bed_corner
f 1588 1590 1592 1594 1596 1598 1600 1602 1604 1606 1608 1610 1612 1614 1616 1618 1620 1622
o plant_pot_bed_corner
f 1587 1589 1590 1588
o plant_pot_bed_corner
f 1589 1591 1592 1590
o plant_pot_bed_corner
f 1591 1593 1594 1592
o plant_pot_bed_corner
f 1593 1595 1596 1594
o plant_pot_bed_corner
f 1595 1597 1598 1596
o plant_pot_bed_corner
f 1597 1599 1600 1598
o plant_pot_bed_corner
f 1599 1601 1602 1600
o plant_pot_bed_corner
f 1601 1603 1604 1602
o plant_pot_bed_corner
f 1603 1605 1606 1604
o plant_pot_bed_corner
f 1605 1607 1608 1606
o plant_pot_bed_corner
f 1607 1609 1610 1608
o plant_pot_bed_corner
f 1609 1611 1612 1610
o plant_pot_bed_corner
f 1611 1613 1614 1612
o plant_pot_bed_corner
f 1613 1615 1616 1614
o plant_pot_bed_corner
f 1615 1617 1618 1616
o plant_pot_bed_corner
f 1617 1619 1620 1618
o plant_pot_bed_corner
f 1619 1621 1622 1620
o plant_pot_bed_corner
f 1621 1587 1588 1622
usemtl green
o plant_leaf_cluster
f 1623 1624 1625 1626
o plant_leaf_cluster
f 1627 1630 1629 1628
o plant_leaf_cluster
f 1623 1627 1628 1624
o plant_leaf_cluster
f 1624 1628 1629 1625
o plant_leaf_cluster
f 1625 1629 1630 1626
o plant_leaf_cluster
f 1626 1630 1627 1623
usemtl olive
o plant_leaf_tip
f 1631 1632 1633 1634
o plant_leaf_tip
f 1635 1638 1637 1636
o plant_leaf_tip
f 1631 1635 1636 1632
o plant_leaf_tip
f 1632 1636 1637 1633
o plant_leaf_tip
f 1633 1637 1638 1634
o plant_leaf_tip
f 1634 1638 1635 1631
usemtl green
o plant_leaf_cluster
f 1639 1640 1641 1642
o plant_leaf_cluster
f 1643 1646 1645 1644
o plant_leaf_cluster
f 1639 1643 1644 1640
o plant_leaf_cluster
f 1640 1644 1645 1641
o plant_leaf_cluster
f 1641 1645 1646 1642
o plant_leaf_cluster
f 1642 1646 1643 1639
usemtl olive
o plant_leaf_tip
f 1647 1648 1649 1650
o plant_leaf_tip
f 1651 1654 1653 1652
o plant_leaf_tip
f 1647 1651 1652 1648
o plant_leaf_tip
f 1648 1652 1653 1649
o plant_leaf_tip
f 1649 1653 1654 1650
o plant_leaf_tip
f 1650 1654 1651 1647
usemtl green
o plant_leaf_cluster
f 1655 1656 1657 1658
o plant_leaf_cluster
f 1659 1662 1661 1660
o plant_leaf_cluster
f 1655 1659 1660 1656
o plant_leaf_cluster
f 1656 1660 1661 1657
o plant_leaf_cluster
f 1657 1661 1662 1658
o plant_leaf_cluster
f 1658 1662 1659 1655
usemtl olive
o plant_leaf_tip
f 1663 1664 1665 1666
o plant_leaf_tip
f 1667 1670 1669 1668
o plant_leaf_tip
f 1663 1667 1668 1664
o plant_leaf_tip
f 1664 1668 1669 1665
o plant_leaf_tip
f 1665 1669 1670 1666
o plant_leaf_tip
f 1666 1670 1667 1663
usemtl green
o plant_leaf_cluster
f 1671 1672 1673 1674
o plant_leaf_cluster
f 1675 1678 1677 1676
o plant_leaf_cluster
f 1671 1675 1676 1672
o plant_leaf_cluster
f 1672 1676 1677 1673
o plant_leaf_cluster
f 1673 1677 1678 1674
o plant_leaf_cluster
f 1674 1678 1675 1671
usemtl olive
o plant_leaf_tip
f 1679 1680 1681 1682
o plant_leaf_tip
f 1683 1686 1685 1684
o plant_leaf_tip
f 1679 1683 1684 1680
o plant_leaf_tip
f 1680 1684 1685 1681
o plant_leaf_tip
f 1681 1685 1686 1682
o plant_leaf_tip
f 1682 1686 1683 1679
usemtl green
o plant_leaf_cluster
f 1687 1688 1689 1690
o plant_leaf_cluster
f 1691 1694 1693 1692
o plant_leaf_cluster
f 1687 1691 1692 1688
o plant_leaf_cluster
f 1688 1692 1693 1689
o plant_leaf_cluster
f 1689 1693 1694 1690
o plant_leaf_cluster
f 1690 1694 1691 1687
usemtl olive
o plant_leaf_tip
f 1695 1696 1697 1698
o plant_leaf_tip
f 1699 1702 1701 1700
o plant_leaf_tip
f 1695 1699 1700 1696
o plant_leaf_tip
f 1696 1700 1701 1697
o plant_leaf_tip
f 1697 1701 1702 1698
o plant_leaf_tip
f 1698 1702 1699 1695
usemtl green
o plant_leaf_cluster
f 1703 1704 1705 1706
o plant_leaf_cluster
f 1707 1710 1709 1708
o plant_leaf_cluster
f 1703 1707 1708 1704
o plant_leaf_cluster
f 1704 1708 1709 1705
o plant_leaf_cluster
f 1705 1709 1710 1706
o plant_leaf_cluster
f 1706 1710 1707 1703
usemtl olive
o plant_leaf_tip
f 1711 1712 1713 1714
o plant_leaf_tip
f 1715 1718 1717 1716
o plant_leaf_tip
f 1711 1715 1716 1712
o plant_leaf_tip
f 1712 1716 1717 1713
o plant_leaf_tip
f 1713 1717 1718 1714
o plant_leaf_tip
f 1714 1718 1715 1711
usemtl green
o plant_leaf_cluster
f 1719 1720 1721 1722
o plant_leaf_cluster
f 1723 1726 1725 1724
o plant_leaf_cluster
f 1719 1723 1724 1720
o plant_leaf_cluster
f 1720 1724 1725 1721
o plant_leaf_cluster
f 1721 1725 1726 1722
o plant_leaf_cluster
f 1722 1726 1723 1719
usemtl olive
o plant_leaf_tip
f 1727 1728 1729 1730
o plant_leaf_tip
f 1731 1734 1733 1732
o plant_leaf_tip
f 1727 1731 1732 1728
o plant_leaf_tip
f 1728 1732 1733 1729
o plant_leaf_tip
f 1729 1733 1734 1730
o plant_leaf_tip
f 1730 1734 1731 1727
usemtl green
o plant_leaf_cluster
f 1735 1736 1737 1738
o plant_leaf_cluster
f 1739 1742 1741 1740
o plant_leaf_cluster
f 1735 1739 1740 1736
o plant_leaf_cluster
f 1736 1740 1741 1737
o plant_leaf_cluster
f 1737 1741 1742 1738
o plant_leaf_cluster
f 1738 1742 1739 1735
usemtl olive
o plant_leaf_tip
f 1743 1744 1745 1746
o plant_leaf_tip
f 1747 1750 1749 1748
o plant_leaf_tip
f 1743 1747 1748 1744
o plant_leaf_tip
f 1744 1748 1749 1745
o plant_leaf_tip
f 1745 1749 1750 1746
o plant_leaf_tip
f 1746 1750 1747 1743
usemtl wood
o small_desk_plant_pot
f 1785 1783 1781 1779 1777 1775 1773 1771 1769 1767 1765 1763 1761 1759 1757 1755 1753 1751
o small_desk_plant_pot
f 1752 1754 1756 1758 1760 1762 1764 1766 1768 1770 1772 1774 1776 1778 1780 1782 1784 1786
o small_desk_plant_pot
f 1751 1753 1754 1752
o small_desk_plant_pot
f 1753 1755 1756 1754
o small_desk_plant_pot
f 1755 1757 1758 1756
o small_desk_plant_pot
f 1757 1759 1760 1758
o small_desk_plant_pot
f 1759 1761 1762 1760
o small_desk_plant_pot
f 1761 1763 1764 1762
o small_desk_plant_pot
f 1763 1765 1766 1764
o small_desk_plant_pot
f 1765 1767 1768 1766
o small_desk_plant_pot
f 1767 1769 1770 1768
o small_desk_plant_pot
f 1769 1771 1772 1770
o small_desk_plant_pot
f 1771 1773 1774 1772
o small_desk_plant_pot
f 1773 1775 1776 1774
o small_desk_plant_pot
f 1775 1777 1778 1776
o small_desk_plant_pot
f 1777 1779 1780 1778
o small_desk_plant_pot
f 1779 1781 1782 1780
o small_desk_plant_pot
f 1781 1783 1784 1782
o small_desk_plant_pot
f 1783 1785 1786 1784
o small_desk_plant_pot
f 1785 1751 1752 1786
usemtl green
o small_desk_plant_leaves
f 1787 1788 1789 1790
o small_desk_plant_leaves
f 1791 1794 1793 1792
o small_desk_plant_leaves
f 1787 1791 1792 1788
o small_desk_plant_leaves
f 1788 1792 1793 1789
o small_desk_plant_leaves
f 1789 1793 1794 1790
o small_desk_plant_leaves
f 1790 1794 1791 1787
usemtl marbleVein
o marble_vein_soft_strip
f 1795 1796 1797 1798
o marble_vein_soft_strip
f 1799 1802 1801 1800
o marble_vein_soft_strip
f 1795 1799 1800 1796
o marble_vein_soft_strip
f 1796 1800 1801 1797
o marble_vein_soft_strip
f 1797 1801 1802 1798
o marble_vein_soft_strip
f 1798 1802 1799 1795
o marble_vein_soft_strip
f 1803 1804 1805 1806
o marble_vein_soft_strip
f 1807 1810 1809 1808
o marble_vein_soft_strip
f 1803 1807 1808 1804
o marble_vein_soft_strip
f 1804 1808 1809 1805
o marble_vein_soft_strip
f 1805 1809 1810 1806
o marble_vein_soft_strip
f 1806 1810 1807 1803
o marble_vein_soft_strip
f 1811 1812 1813 1814
o marble_vein_soft_strip
f 1815 1818 1817 1816
o marble_vein_soft_strip
f 1811 1815 1816 1812
o marble_vein_soft_strip
f 1812 1816 1817 1813
o marble_vein_soft_strip
f 1813 1817 1818 1814
o marble_vein_soft_strip
f 1814 1818 1815 1811
o marble_vein_soft_strip
f 1819 1820 1821 1822
o marble_vein_soft_strip
f 1823 1826 1825 1824
o marble_vein_soft_strip
f 1819 1823 1824 1820
o marble_vein_soft_strip
f 1820 1824 1825 1821
o marble_vein_soft_strip
f 1821 1825 1826 1822
o marble_vein_soft_strip
f 1822 1826 1823 1819
o marble_vein_soft_strip
f 1827 1828 1829 1830
o marble_vein_soft_strip
f 1831 1834 1833 1832
o marble_vein_soft_strip
f 1827 1831 1832 1828
o marble_vein_soft_strip
f 1828 1832 1833 1829
o marble_vein_soft_strip
f 1829 1833 1834 1830
o marble_vein_soft_strip
f 1830 1834 1831 1827
o marble_vein_soft_strip
f 1835 1836 1837 1838
o marble_vein_soft_strip
f 1839 1842 1841 1840
o marble_vein_soft_strip
f 1835 1839 1840 1836
o marble_vein_soft_strip
f 1836 1840 1841 1837
o marble_vein_soft_strip
f 1837 1841 1842 1838
o marble_vein_soft_strip
f 1838 1842 1839 1835
o marble_vein_soft_strip
f 1843 1844 1845 1846
o marble_vein_soft_strip
f 1847 1850 1849 1848
o marble_vein_soft_strip
f 1843 1847 1848 1844
o marble_vein_soft_strip
f 1844 1848 1849 1845
o marble_vein_soft_strip
f 1845 1849 1850 1846
o marble_vein_soft_strip
f 1846 1850 1847 1843
o marble_vein_soft_strip
f 1851 1852 1853 1854
o marble_vein_soft_strip
f 1855 1858 1857 1856
o marble_vein_soft_strip
f 1851 1855 1856 1852
o marble_vein_soft_strip
f 1852 1856 1857 1853
o marble_vein_soft_strip
f 1853 1857 1858 1854
o marble_vein_soft_strip
f 1854 1858 1855 1851
o marble_vein_soft_strip
f 1859 1860 1861 1862
o marble_vein_soft_strip
f 1863 1866 1865 1864
o marble_vein_soft_strip
f 1859 1863 1864 1860
o marble_vein_soft_strip
f 1860 1864 1865 1861
o marble_vein_soft_strip
f 1861 1865 1866 1862
o marble_vein_soft_strip
f 1862 1866 1863 1859

usemtl black
o main_room_door_swing_arc
l 353 354
o main_room_door_swing_arc
l 354 355
o main_room_door_swing_arc
l 355 356
o main_room_door_swing_arc
l 356 357
o main_room_door_swing_arc
l 357 358
o main_room_door_swing_arc
l 358 359
o main_room_door_swing_arc
l 359 360
o main_room_door_swing_arc
l 360 361
o main_room_door_swing_arc
l 361 362
o main_room_door_swing_arc
l 362 363
o main_room_door_swing_arc
l 363 364
o main_room_door_swing_arc
l 364 365
o main_room_door_swing_arc
l 365 366
o main_room_door_swing_arc
l 366 367
o main_room_door_swing_arc
l 367 368
o main_room_door_swing_arc
l 368 369
o main_room_door_swing_arc
l 369 370
o main_room_door_swing_arc
l 370 371
o main_room_door_swing_arc
l 371 372
o main_room_door_swing_arc
l 372 373
o bathroom_door_swing_arc
l 382 383
o bathroom_door_swing_arc
l 383 384
o bathroom_door_swing_arc
l 384 385
o bathroom_door_swing_arc
l 385 386
o bathroom_door_swing_arc
l 386 387
o bathroom_door_swing_arc
l 387 388
o bathroom_door_swing_arc
l 388 389
o bathroom_door_swing_arc
l 389 390
o bathroom_door_swing_arc
l 390 391
o bathroom_door_swing_arc
l 391 392
o bathroom_door_swing_arc
l 392 393
o bathroom_door_swing_arc
l 393 394
o bathroom_door_swing_arc
l 394 395
o bathroom_door_swing_arc
l 395 396
o bathroom_door_swing_arc
l 396 397
o bathroom_door_swing_arc
l 397 398
o bathroom_door_swing_arc
l 398 399
o bathroom_door_swing_arc
l 399 400
o bathroom_door_swing_arc
l 400 401
o bathroom_door_swing_arc
l 401 402
usemtl tileLine
o main_floor_tile_grid
l 1867 1868
o main_floor_tile_grid
l 1869 1870
o main_floor_tile_grid
l 1871 1872
o main_floor_tile_grid
l 1873 1874
o main_floor_tile_grid
l 1875 1876
o main_floor_tile_grid
l 1877 1878
o main_floor_tile_grid
l 1879 1880
o main_floor_tile_grid
l 1881 1882
o main_floor_tile_grid
l 1883 1884
o main_floor_tile_grid
l 1885 1886
o main_floor_tile_grid
l 1887 1888
o main_floor_tile_grid
l 1889 1890
o main_floor_tile_grid
l 1891 1892
o main_floor_tile_grid
l 1893 1894
o bath_floor_tile_grid
l 1895 1896
o bath_floor_tile_grid
l 1897 1898
o bath_floor_tile_grid
l 1899 1900
o bath_floor_tile_grid
l 1901 1902
o bath_floor_tile_grid
l 1903 1904
o bath_floor_tile_grid
l 1905 1906
o bath_floor_tile_grid
l 1907 1908
o bath_floor_tile_grid
l 1909 1910
o bath_floor_tile_grid
l 1911 1912
o bath_floor_tile_grid
l 1913 1914
o bath_floor_tile_grid
l 1915 1916
o bath_floor_tile_grid
l 1917 1918